-0.00200140010623501,0.000904117028517507,-0.00740000011332047
-0.00266853385621317,0.0015822049708166,-0.0074999999340779
-0.00466993404722159,-0.00173289087689201,-0.00160000073082923
-0.0122307789630805,0.000753430801223025,-0.0235000006741025
-0.0181237892443162,0.00173289105439353,-0.0134999997098975
-0.0221265903596556,0.00286303736938917,-0.0157000008275646
-0.0247951219354275,-0.00143151863686142,-0.00550000012203137
-0.0273524674052734,-0.000753430879206041,-0.0154000003401229
-0.0273524674052734,-0.000753430879206041,-0.0154000003401229
-0.0338014228956752,0.00143151872234127,-0.0165000000132756
-0.037581845793097,0.00723293627791339,-0.00580000029409868
-0.0348021236107692,0.00783568127034483,-0.0124000001662152
-0.0348021236107692,0.00783568127034483,-0.0124000001662152
-0.0493678682404909,0.0210207210594312,-0.0060000002597861
-0.0669357132304203,0.0379729157232502,0.00689999972668074
-0.0971790904595841,0.0885281263541187,-0.0450000014610246
-0.0987357328068519,0.12830927541152,-0.0747000024630773
-0.07293991235541,0.129514764698018,-0.0536000010252483
-0.0304657556108858,0.10344605611174,-0.0504000011315088
0.0176790346810889,0.0953843457082637,-0.0275000004638684
0.0803895694961161,0.114747517512322,-0.0157000009789552
0.151105705402557,0.14066553691607,-0.00670000427037877
0.275859642301104,0.193933091880418,-0.0385000096707423
0.381822656136718,0.213672975304265,-0.0395000157216114
0.479780066290341,0.23876221616339,-0.0631000235645238
0.502796167836761,0.237858097595294,-0.0783000245497114
0.504686377245269,0.238385499065165,-0.0827000250304293
0.457987045364426,0.209303073337243,-0.0618000200701575
0.363142919415107,0.149028612728694,-0.0554000134629987
0.290091817230191,0.0751923953669846,-0.0249000072720688
0.202474970362551,-0.0516853544316042,-0.0460000033818297
0.127644848453616,-0.168015076070682,-0.0362000039598041
0.0851706944403502,-0.240947182592802,-0.0407000056072274
0.0354692612968929,-0.259330896229211,-0.0632000060777167
-0.00578181755570775,-0.249988355711324,-0.0588000056686287
-0.024016795081036,-0.240871843349323,-0.0523000051250429
-0.0174566537372324,-0.195364620465248,-0.0324000034792513
0.0358028253088561,-0.167713706535049,-0.0252000034414145
0.082724536900241,-0.158823221256238,-0.0346000045311092
0.137874225579643,-0.151062882323673,-0.0296000034349355
0.238833739532867,-0.129966816294432,-0.0515000058231458
0.238833739532867,-0.129966816294432,-0.0515000058231458
0.238833739532867,-0.129966816294432,-0.0515000058231458
0.612762002989045,0.125521571463425,0.207799970207902
0.635110968478247,0.121000985793322,0.182399966547546
0.536375220619921,0.0717266116445693,0.0714999763752432
0.437639480323674,0.0622333842153051,0.026499983490443
0.362031031374871,0.0629114724970921,-0.0108000102069649
0.344574373534174,0.0653224508788005,-0.0295000101408071
0.332677161995407,0.047692170280745,-0.0236000091698603
0.312440785804425,0.0223015520210844,-0.0121000082618278
0.284865939320981,-0.0119795499306695,-0.0189000083044747
0.273858239699284,-0.0305892910858157,-0.0283000061685157
0.270744951342155,-0.0336783573911973,-0.0223000063372124
0.28497712822019,-0.0485962873733252,-0.0252000055491957
0.351801651858935,-0.0688635759858402,-0.0141000103455501
0.463546488600399,-0.116857115940705,-0.0291000179120388
0.537153537382525,-0.183460396209846,-0.00440002506716158
0.569398313767851,-0.18692617596618,-0.0316000287533051
0.562393414614251,-0.148124491809848,-0.0099000283364436
0.494901757284183,-0.0772266561508149,0.00149997969874321
0.384157620194133,-0.029685173602626,-0.015700012136086
0.294428185301926,-0.0403838917750686,0.012999993165577
0.242280595025428,-0.0689389203231095,-0.0131000059706844
0.233385482685347,-0.0902610125072432,-0.0221000053963196
0.231828838622312,-0.106158402878969,-0.0302000056066079
0.243948428421262,-0.117384521465398,-0.0404000052984975
0.248618360203416,-0.118665353163478,-0.0716000056583535
0.244726748358519,-0.105631000680757,-0.054900007797327
0.205921826746806,-0.112713251142559,-0.0316000043215016
0.192245594799252,-0.165001351391783,-0.0238000051156414
0.195914827747776,-0.166357526611782,-0.0248000057687726
0.188353983704023,-0.172234287374759,-0.0234000049668171
0.187686850458994,-0.17343977642554,-0.0320000055045589
0.170119005932966,-0.171631542821545,-0.0376000047134966
0.170119004686618,-0.16793973180137,-0.0340000037016342
0.167450472204021,-0.166508213418602,-0.0337000043338858
0.162669349331372,-0.171706886153495,-0.0357000044176427
0.166005016828291,-0.175549383472384,-0.0312000050120984
0.169674248358749,-0.177734332446026,-0.0371000047503909
0.172453973435256,-0.180295997386167,-0.0388000056266477
0.172565161522695,-0.186022071606787,-0.0370000049464214
0.171230894615139,-0.189186480909497,-0.0443000047338867
0.160334382500027,-0.183460407024719,-0.0435000050572265
0.158777737522425,-0.16567943888247,-0.0646000045213993
0.217819038928634,-0.105932373228625,-0.0773000047246916
0.281863838333108,-0.0831034185546063,-0.0638000084593105
0.327562469295789,-0.0504045205831923,-0.0888000081781987
0.355693260412892,-0.0446784464405078,-0.0749000099140263
0.403393295390442,-0.0189864559923266,-0.0423000139315271
0.510245821224808,0.0426441824792439,-0.0362000211047841
0.655013758693469,0.168843834583491,-0.0483000372747938
0.775208949986126,0.253152731400333,-0.0666000526528396
0.865383146134771,0.29873528821572,-0.0361000655528462
0.913972689491992,0.310187431751411,-0.0622000739822752
0.959115383032089,0.340626031396763,-0.0484000827136132
1.04473083506723,0.40768136040068,-0.0422000980146116
1.14924839817486,0.541565987062179,-0.063300128535647
1.26466248714203,0.672286203195258,-0.0360001608930631
1.43133462973637,0.799013211118796,-0.126300211927188
1.55497670531894,0.991288694604113,-0.11960026710659
1.66683278002035,1.22537957494332,-0.100800335297255
1.78680564170737,1.4626348453637,-0.121200419176529
1.92034355545619,1.67834199099908,-0.12150051026593
2.06388846398891,1.86037077485694,-0.128300605740831
2.21732920185716,2.07637926279646,-0.139000723533227
2.36865737700828,2.30293578255112,-0.105700854610908
2.51298064878959,2.53423889184618,-0.114700998184043
2.66642140164444,2.74233631957652,-0.137301147241445
2.80073769547354,2.97258461432877,-0.129701306986758
2.9642966667792,3.20629864955126,-0.150001494143839
3.10684096964747,3.44536206094547,-0.128301686439425
3.25872513013626,3.68321994484715,-0.146601896431312
3.42261768937171,3.91007772109293,-0.168502115329275
3.57850466688178,4.09775715395962,-0.120702319611771
3.66400897618818,4.18191525951932,-0.131502421932885
3.66400897618818,4.18191525951932,-0.131502421932885
3.98501152523137,4.41758809209619,-0.0510027734992791
3.91151564368653,4.40462912908208,-0.0750027190137235
3.72405118252543,4.46882149002309,-0.14270265195223
3.54025607704278,4.63593248878889,-0.143402665639129
3.45697576860288,4.82052303096102,-0.104002756174463
3.48355002147634,4.95282538335461,-0.107802873250655
3.50378647772741,5.04240824126537,-0.105902954449298
3.56160476583854,5.11089502185901,-0.0953030388328957
3.60530204735466,5.1564021887006,-0.082903102135472
3.65333565770571,5.17327897956658,-0.0917031416532976
3.6624531622841,5.1727515925275,-0.0645031469893866
3.64032656585039,5.16258030529517,-0.0604031265467408
3.61264054383589,5.17275164322771,-0.0562031174825697
3.5932936817615,5.17983390613938,-0.0560031119553932
3.57483633696045,5.19580664105783,-0.0629031153788762
3.58306431718878,5.19362169138079,-0.0557031183362895
3.64966642168879,5.16190219475672,-0.0787031318857985
3.79499032809836,5.19580642684451,-0.0859032433203557
3.97144723050481,5.33104702877373,-0.0697034620315371
4.1809272372032,5.49597271218387,-0.0936037349870689
4.37973315002039,5.69239178435538,-0.110904041168566
4.54140197615264,5.85754356158313,-0.086904304137418
4.72086100657489,6.01327741644744,-0.0825045782493405
4.86262711531771,6.20653221048593,0.00839512958642974
4.98693648750912,6.39232795773281,-0.00340514967631123
5.05854235347714,6.60215817247708,-0.0216054197243891
5.17529100666302,6.8520708730051,0.0147942247211761
5.3501913435865,7.03651035939978,0.00199387870254863
5.54343788626302,7.20844293488712,0.0455935214852103
5.68242422437327,7.39160161900439,0.0376931900954696
5.76470424529192,7.58289741648358,0.032992893227477
5.92870821907442,7.7813508144231,0.133992503012182
6.10038423610875,8.02614006727917,0.170592039145582
6.30864157143397,8.29006654807634,0.336291498870231
6.45452197906766,8.54600680532478,0.539091015464157
6.52846297961114,8.82605661031505,0.504690558290176
6.65733133834479,9.0793596490179,0.537990071336347
6.78130727373753,9.29114861049738,0.515989636373533
6.96121116365693,9.45449193269869,0.501989201496314
7.06328277045058,9.5623076301042,0.520888929203546
7.31701628557734,9.86013801163627,0.473588189257907
7.47212502342242,10.053317045673,0.381987709812482
7.60877650259856,10.2464962235685,0.36998724104167
7.7813419711154,10.4588877054576,0.306286688435427
7.9751445142775,10.6866490507395,0.212586071984038
8.10712620139104,10.9867397927264,0.142085397121794
8.27591127065964,11.2270080646503,0.0414847612718336
8.44325094853187,11.4428653407405,0.0228841596715395
8.63838785573197,11.7008391547261,-0.0589165700077112
8.82963328898822,11.9539158494698,-0.0393173009894356
8.94671568287081,12.190191168919,-0.0368179103071258
9.06135187239889,12.4088361997049,-0.0498184925608252
9.17765588045828,12.5922961245709,-0.0258190180760023
9.28739961346434,12.7569955288701,-0.067319502766626
9.4724182460015,12.9403044356741,-0.125820144471319
9.55681083423693,13.0310925417779,-0.113820455372181
9.84812632777174,13.2979566460638,-0.115121448498042
10.0520471937398,13.4882724918989,-0.112722165136254
10.2311729989286,13.6650267672853,-0.0559228257098061
10.4220847489921,13.8545138112078,-0.0704235445876993
10.5887574422995,14.0724052561589,-0.0557242951255681
10.7623238936747,14.2984337364669,-0.0297250877120332
10.922214013312,14.5225031814213,-0.0657258648950991
11.047190921704,14.7396412985036,-0.0368265788052105
11.1783943713527,14.9744095213572,-0.0589273523740088
11.3087083725307,15.2121915126875,-0.0555281447652103
11.4295713419815,15.4357337716022,-0.0238288959617075
11.5486552049427,15.6500840976543,-0.029829633044459
11.6621796733352,15.8735509505224,-0.0255303909195508
11.7860446387955,16.0674079948796,-0.0207311022722969
11.9064626490018,16.2574977654312,-0.0665318082287873
12.0217662525836,16.4899304819506,-0.0287326185706256
12.1272851729914,16.7354727408382,-0.0478334581495918
12.2477033670934,16.9587134650002,-0.0573342766409333
12.3703452968551,17.1601800843002,-0.0606350516365977
12.4759751891792,17.3598383229526,-0.134635796533151
12.6310843276241,17.5805925887751,-0.146936705096476
12.7958668993784,17.801572832321,-0.162637646384898
12.9059445770216,18.0496766061799,-0.20463856517553
13.0178013315851,18.2577735138844,-0.162739382555956
13.1760237316058,18.4721235222264,-0.193440323787959
13.3062267759773,18.7203027541265,-0.162541317746601
13.436651992647,18.9360090243283,-0.184842226480334
13.5537346051365,19.1860716140083,-0.233643221171532
13.6670367393837,19.3765381520835,-0.220244036916296
13.7890115322059,19.5703196116385,-0.249544890959241
13.9269976569489,19.7844436680863,-0.253945850452578
14.0789938065585,20.0048214085187,-0.168446871454175
14.1931855405029,20.2373291298457,-0.193947855566558
14.3331731753354,20.4620012306519,-0.175048885130495
14.5020698600324,20.6939813384581,-0.200150013152937
14.6836419910157,20.9153379577507,-0.249751150513354
14.8731088447474,21.1672840210875,-0.215852419288105
15.0228811422885,21.4099628990619,-0.224253579149051
15.1733205927408,21.6355390279561,-0.202554695514904
15.343329245859,21.8406971893623,-0.169855799579778
15.5242343034386,22.0533140356761,-0.197856968694462
15.6882388326472,22.2805476286453,-0.174758158717378
15.8371217062599,22.5202128052723,-0.162559369112228
15.9769980840775,22.7386311404392,-0.199160490469819
15.9769980840775,22.7386311404392,-0.199160490469819
15.9769980840775,22.7386311404392,-0.199160490469819
16.436877792021,23.3794203795672,-0.225963972891112
16.5785335527335,23.6415377427173,-0.202765303597488
16.7029547640957,23.8800725834665,-0.25036651683657
16.8397181590877,24.1384980558841,-0.250267847260995
16.9725896427537,24.3420738090284,-0.281268972062517
17.1241411070179,24.5818141714197,-0.279670294674656
17.2881458375576,24.8184655763866,-0.235571653073309
17.4349160699107,25.0505208284687,-0.268672958473511
17.5810192066807,25.2695418761057,-0.271174222581786
17.7553642910791,25.4691997435212,-0.256875498994265
17.9240388108329,25.7059261624733,-0.278676918573138
18.064471558176,25.9519200860792,-0.245278309621133
18.1950082988117,26.1996466216799,-0.287179691081548
18.3038633788007,26.4478255285307,-0.273281026496679
18.4577497249942,26.6402505315702,-0.25588226984849
18.6171955001983,26.8582165199228,-0.286983646929382
18.7520688786035,27.1058679849573,-0.247885087279279
18.8599232045146,27.3438755075033,-0.250086419260114
18.9673327999146,27.5907734422465,-0.2605877994734
19.1016501076345,27.8145411344776,-0.237489170093081
19.2625412724603,28.0310000570101,-0.300790601385174
19.4504518318276,28.2873156172684,-0.267692302039265
19.5858809962156,28.5331584796403,-0.29879380808187
19.7198647363922,28.7667959131721,-0.304095269813859
19.8620765698739,28.9953101752774,-0.266896744365161
19.9809384574216,29.2099611459516,-0.299698093908225
20.1409404808857,29.4454820569227,-0.289899679470835
20.2951606459377,29.6749001952198,-0.284701229894189
20.422139486999,29.9203662793077,-0.322702779521462
20.5749142304799,30.142024172416,-0.300104313433199
20.7222405913385,30.3712914475949,-0.332405877264321
20.8899145316541,30.592270967211,-0.349207477612858
21.0386867138227,30.85001808684,-0.319909207548408
21.1840117695337,31.0850867858531,-0.340410825925327
21.3156605693742,31.2992857083069,-0.33621231291596
21.4409714242709,31.4956282799229,-0.358513697427751
21.583850427337,31.7208272434728,-0.339915293714053
21.738182041064,31.9738276224492,-0.322617079490957
21.8795042386456,32.2061084773456,-0.367518730154616
22.0289433399462,32.4326634255719,-0.371920390692022
22.1562558645316,32.6225268455803,-0.317221799340869
22.3162578725375,32.8543555864187,-0.345723544367779
22.4673650463071,33.0929655497996,-0.309425307556324
22.6150253742117,33.3443083484506,-0.293527136908148
22.7641306754969,33.5424588376985,-0.331028703467162
22.9060089160031,33.7362398251639,-0.302130232240804
23.0797983316079,33.9723628387601,-0.353532111291729
23.2511420280133,34.2292055688158,-0.319934104892017
23.4010260017589,34.4539522529354,-0.311435861156056
23.5719244600408,34.6988901603676,-0.396137816945204
23.7113564369194,34.8914654202032,-0.405039383257932
23.8663546340812,35.1067935551248,-0.512141139658953
24.0246892540343,35.3205405706651,-0.417042914136621
24.2102647777107,35.5376019032349,-0.428844819060616
24.3327965044024,35.7946706906725,-0.42724672045569
24.4738968550137,36.0558832656478,-0.414948729992435
24.5393887101973,36.3081305008608,-0.404050410407145
24.6718165810909,36.5926241490128,-0.369952543776606
24.7981287631789,36.8308573339853,-0.342054402602159
24.92610879386,37.0775288185664,-0.326356329818937
25.0056095050634,37.1903916798413,-0.341757297411855
25.2399977424802,37.5270968348448,-0.364860189519627
25.4011119527044,37.7548570158549,-0.353462172003848
25.5472159719929,37.9735013386681,-0.253064050923124
25.6793099197691,38.204049368958,-0.242065956276795
25.8301947842459,38.4346725847811,-0.235067949869538
25.9708503389101,38.6415632126591,-0.174969768667696
26.16354187772,38.8107818502771,-0.158471583040846
26.2768454632978,39.0148103585706,0.0224267076886999
26.3942624854468,39.2608034991673,-0.000875284648998331
26.4297335796252,39.4480308434719,0.138423415506631
26.5726128509654,39.7302632477546,0.0489210732136343
26.6716840514281,39.8321277530346,0.335920025983501
26.803889556601,40.0418064115593,0.447618159432702
26.9347604433838,40.2413133720417,0.490316353922145
27.0537343061422,40.4221358620151,0.604814708943051
27.1732636254111,40.5862316940617,0.63051316102049
27.3308195420239,40.8677853459882,0.461610692592091
27.4580201186404,41.0498113166578,0.275508978172322
27.6062363620352,41.2991942528641,0.202406730355433
27.7484490418116,41.5644753044435,0.24840439267969
27.8948863164338,41.8182281046181,0.176102098074093
28.0624495347084,42.0418440400775,0.163999894529708
28.2095544199181,42.2726182107695,0.2337977233302
28.3627743290571,42.4904329580242,0.239895596648713
28.4920884635523,42.6940833380933,0.231193664147213
28.6285187779651,42.904363868406,0.230291643191785
28.7816264506281,43.082245784821,0.0643897560804714
28.8868129014361,43.3047322127176,0.0888877777009096
29.0678294947801,43.545826478596,-0.0689146849714195
29.1535580463876,43.8034978917493,-0.0712168388495709
29.2913223834785,43.994189052825,-0.100518779802165
29.4229715625406,44.1737299940112,-0.0625206248580952
29.5952041626211,44.3204207787641,-0.0856224374611489
29.7835596699658,44.5325089203287,-0.105224791883009
29.9535688574474,44.7473846017199,-0.162727088628408
30.1350293517455,44.877122185889,-0.32662885492805
30.2620092517327,45.1023965384493,-0.23083104274331
30.4763827215196,45.3251825770195,-0.321933641016338
30.6547313645336,45.5316202478508,-0.309535964553028
30.7947202861961,45.7701544670792,-0.258538342678797
30.8767801707045,46.0193128716801,-0.149340528519394
31.0466778263228,46.211057945996,-0.249142738138355
31.2151310356139,46.4706121274379,-0.252545445173025
31.4379542462094,46.6418632408735,-0.392947789310462
31.5800550766965,46.8683416268326,-0.469550148083544
31.7407230070574,47.0042568900073,-0.691151944388627
31.8738163225717,47.1442411625033,-0.872053640443925
32.0986393048028,47.2393192908656,-1.210355471681
32.2646465355871,47.4365659684372,-1.08325777116837
32.3522651312319,47.6757025806488,-1.11935999610169
32.541398306455,47.8348241341499,-1.1982621477991
32.6868345418718,47.977145241959,-1.19446395820004
32.8750783119056,48.1503558360258,-1.27566623038487
32.90776817499,48.294861509616,-1.44166749012121
32.9466848607923,48.4873601651655,-1.63676914859871
33.0337447741166,48.60587055016,-2.01387049978959
33.1178032319909,48.6818138335239,-2.19707151355404
33.1232503373127,48.7527839977276,-2.53147208352344
33.4233481204359,48.8966828015471,-2.93817475018065
33.5112973746654,48.9892000402663,-3.29867592138113
33.3959923745693,48.9910813705647,-3.71607532950513
33.4851646665056,49.0776465415887,-4.07317646301255
33.5410934827628,49.2764739873286,-4.23167828722637
33.6732966286347,49.437402152673,-4.55748022738867
33.7867108667438,49.6806064901319,-4.63568271274094
33.8335228086732,49.9206467335706,-4.74688483287675
33.8617660136727,50.1094544900361,-4.81608645959742
33.9409341408572,50.3317141421343,-4.85628862920926
34.0589059756371,50.4654452681837,-4.97749031331426
34.0634653911428,50.5383769207485,-4.96909091493971
34.0630224804343,50.7175420401743,-4.91369233116673
34.0683615521991,50.9962336167975,-4.99069457739621
34.212908720795,51.2303212829034,-5.05189722485684
34.3026388059479,51.4067715887878,-5.2062991232259
34.4218345588686,51.588421138157,-5.25180122986085
34.552814742082,51.7155208989383,-5.50090296738106
34.6681173467328,51.8536207242274,-5.75910471349328
34.7729678049236,51.948549320339,-6.01910605442748
34.79164939697,52.1645562259465,-6.02740791718999
34.7959855448499,52.2472808996293,-6.20180861664131
34.9384165493489,52.3180979526333,-6.65190997557331
35.014246629098,52.441355052332,-6.97421140215539
34.946420510138,52.5224217094428,-7.28301169535139
34.8919358446405,52.547432334195,-7.71971160255886
34.9585370240614,52.6174226845374,-7.99611254360982
34.9842231785463,52.8311686787808,-8.0643144473542
34.961434116821,53.1552197274746,-7.75461701022353
34.9457595299224,53.3050033838954,-7.45061817212241
34.9037320113954,53.394813636043,-7.26491869124055
34.9175196672412,53.5425585669156,-7.46602000244221
35.0116956401413,53.7065747407416,-7.90502189700891
35.110986434619,53.8819676199938,-8.33722391976292
35.2476351885706,53.9965573528299,-8.92932564181523
35.3514834657649,54.0804083797323,-9.43102692525192
35.4577792849186,54.2208429437517,-9.77372870549239
35.6927186012463,54.3438696150705,-10.417331063857
35.8949695928813,54.5801365426849,-11.0352342134555
36.1911740902601,54.8150450092838,-11.8110378996448
36.4815948435516,54.951931469808,-12.7530407324009
36.8465133630206,55.0905521882304,-13.4472440262743
37.1691794876899,55.1563171963998,-14.13234646741
37.5441043198851,55.1838084364753,-14.7364489038485
37.8756661315937,55.2478415442128,-15.2948514193832
38.1262818404338,55.2751830918119,-15.91725315099
38.2945098171456,55.4321170069403,-16.2315555193066
38.4499512136366,55.5606474974963,-16.4812575719328
38.6470863164662,55.5991417615708,-16.9212590990194
38.7795107613103,55.6990414567528,-17.2714607750448
38.9177185662799,55.8607232301592,-17.4615630280045
39.0361299253696,55.8159629316174,-18.1251633613822
39.2119166842254,55.8702036326263,-18.5972649154231
39.4172819798174,55.981631513105,-18.7694671575572
39.5490433095984,56.2518836815389,-18.7240703473733
39.6676820041556,56.4663046471474,-18.9769729763967
39.777313702028,56.6476498123358,-19.2943752658766
39.935536762267,56.9223451496576,-19.442378696526
40.0636273957481,57.1796364410392,-19.6163817974515
40.2421954751095,57.3218026564822,-19.9540841960178
40.3973039930759,57.521908276319,-20.1863869766165
40.5961091975572,57.695718764855,-20.44138980588
40.8177077719338,57.8849735764634,-20.7626929350446
41.0528745864191,58.1901830064746,-20.7574972180311
41.1856330208869,58.2956584845679,-21.0246990354204
41.3111611476972,58.2591114890697,-21.5431995162826
41.4232372953606,58.3220930131625,-21.9291008176129
41.5866812551539,58.2940600267209,-22.3704016262217
41.7119891900745,58.3413709649799,-22.6737028783327
41.8835531179374,58.5031269765251,-22.9088054820364
42.0151982791019,58.5357456020717,-23.2651066481077
42.1466206251393,58.5932262441589,-23.7226080432255
42.3119593761588,58.7679429101722,-23.7643107433005
42.520214962943,58.9028009747812,-24.0341133716532
42.7323609862257,58.9806994544017,-24.3889155095461
42.8902472148894,59.0503865511518,-24.7017172138056
42.9892037024204,59.1288893683573,-25.0043186072411
43.1111762405033,59.1909676292606,-25.2752200070188
43.438091128746,60.0709779029566,-23.5360304389647
43.6189999815965,60.3950256019205,-23.2660347283502
43.8415002278941,61.0269263898972,-22.4642422594619
44.0886821158024,61.469566787131,-21.7120482072228
44.4418180334883,61.6277058070789,-21.7816521854484
44.7451508830867,62.1031199036672,-20.992058909533
45.0599323691576,62.5066530906297,-20.6453650644309
45.1988144106712,62.8978332957539,-20.1707698861993
45.3280542079853,64.4111881513508,-17.0435858793264
45.4618387624622,65.4743603538258,-15.2394976362821
45.6010581496759,66.0488508589156,-14.5739045438687
45.8382323095049,66.5468654884381,-14.1375114118351
45.8461336779079,66.932697214726,-13.7795154983934
46.0251486023966,67.0658245709875,-13.8267181864236
46.0251486023966,67.0658245709875,-13.8267181864236
46.4833756547066,68.0773754658367,-12.8789322098147
46.5752292795846,68.6407920166104,-12.1674389075942
46.6574069567064,69.1315008393717,-11.6946447999051
46.6620887118488,69.7027539910634,-11.0042510374164
46.6648784054731,70.1588833641132,-10.3860560511167
45.3159247377291,68.9287129066468,-10.0377329230923
45.0472924223838,68.5468871089481,-9.45422691131308
45.49505465837,68.4674801884492,-8.59562924178952
45.8806607416336,68.408488809486,-8.01413137457203
46.2554804005704,68.2265391209694,-7.39813214077703
46.6742191367382,68.0820326237088,-6.91933365327996
47.0508178673175,68.0650798579631,-6.576336243707
47.3851636259457,68.0029210729282,-6.33383805845336
47.7618727059504,67.9946312419122,-6.12634078373735
48.0775408680807,68.0928769353156,-5.85634420470625
48.3103723170295,68.2625454841442,-5.83914777640125
48.6599553801446,68.561879512253,-5.57945364080678
49.0312216039051,68.8957966800088,-5.20396007830957
49.2746163526331,69.0969581040164,-5.19406412975847
49.6083001803101,69.4110600508981,-4.87387012348581
50.0684074540575,69.8270994220885,-4.49107825505554
50.3965300898851,70.1470754424776,-4.41558434584354
50.6304753093214,70.45612739987,-4.38748960243863
50.8098257054572,70.7275832112419,-4.44399402701428
50.972386206424,70.9877374950322,-4.53229821187345
51.1439538636537,71.2712485750149,-4.54960274223009
51.3058474921691,71.5431563736807,-4.62550708227432
51.4577347196617,71.840756392041,-4.66841164781675
51.5779331341664,72.1279596998117,-4.6967158539114
51.6718896312141,72.3777168927405,-4.83711943939065
51.7696268737522,72.6561794103654,-4.98182339223536
51.866585651856,72.9230391834832,-5.12732722227202
51.9653231598334,73.184398596405,-5.30123101384602
52.0804061655185,73.4583407708591,-5.40403509595891
52.1654677727293,73.7420770259224,-5.57473906162788
51.9982486740004,74.446982083404,-5.58174586680268
51.9131972708733,75.0408322278019,-5.52665211926405
51.8910766129982,75.521365650923,-5.5592575999894
51.9274410642442,75.9563167046191,-5.54866305156259
51.9344522535069,76.4046042823361,-5.4921684528779
51.7405498046967,77.1880927809365,-5.42437629084981
51.5539858289294,77.9094249148117,-5.26548353192219
51.3468522051107,78.6654144945108,-5.13909112132888
51.3468522051107,78.6654144945108,-5.13909112132888
51.1631826632605,79.6209111165853,-4.9576014766927
50.9806274293147,80.6773680100654,-4.66581326334255
50.9183717370076,81.2980416810592,-4.48302063291568
50.9005902262536,81.8387007037809,-4.33672739039626
50.9163867503692,82.3538171143217,-4.27583413591552
50.9838858900689,82.8274950654054,-4.17064079688958
50.9936793579721,83.4011529618086,-4.08234833621473
51.0210391769626,83.8929128509707,-4.0397549937549
51.0572935852277,84.3358509897722,-3.97906111346143
51.1401344414886,84.7064586772818,-4.00086668138125
51.2057421131681,85.1188070369952,-3.96587268609507
51.0776600258648,85.6271440045266,-3.96157844924983
50.98749165631,86.0620958790515,-4.03728357120131
50.9493598061154,86.4618631686574,-4.03368866116372
50.9693788868228,86.818834756178,-4.05749366116953
51.0161949358223,87.1785942812916,-4.03189893399406
50.9611637061032,87.6497113706904,-4.00610493864109
50.8887859058863,88.0799168985373,-4.04711027510509
50.8477630580874,88.4619035228569,-4.03821522454724
50.8455444737453,88.7957459029584,-4.02061983764687
50.8879122737024,89.1339567180566,-4.05652488424914
50.9159382951475,89.5213677468734,-3.99053052423469
50.9270630891239,89.8815048602907,-3.94133566651145
50.9425233195922,90.1963606891055,-3.92394022697883
50.9736609357632,90.481456399584,-3.88074450732532
51.0073542820926,90.7247353089258,-3.96004822493797
51.0848572966253,91.0418492613238,-4.02535335621967
51.1312271225272,91.3276968743005,-4.0712578079632
51.1864913933684,91.5630651522129,-4.10276161869185
51.1787111758641,91.7625716699335,-4.11826441882451
51.229972346257,91.9502490430269,-4.09646752812966
51.2836796745755,92.1554806522909,-4.1091709164235
51.3352741416747,92.339013795352,-4.11427398187052
51.3644083044641,92.4781715887691,-4.05317622906586
51.3747511318725,92.5974390944772,-4.00577803873573
51.3183804506486,92.7205496244569,-3.99247937090834
51.2464438652907,92.9107894986523,-4.04558155568857
51.2093094750337,93.1076589078309,-4.10158412102538
51.1735087305337,93.2472686102779,-4.12178586883469
51.1561640171032,93.312514846132,-4.15878668198115
51.1496046509527,93.370603649664,-4.17758747824296
51.1363740330276,93.4564178922028,-4.24168862655423
51.1258118305217,93.5257323689258,-4.2880895552139
51.1030187077483,93.585327885584,-4.33369024480954
51.0872306635005,93.6419853535421,-4.35089094855675
51.076890765905,93.6886223022698,-4.36099154859776
51.0420897942962,93.7385001200176,-4.31959200268244
51.0306378366841,93.7609525755765,-4.30299223901948
51.0127379630273,93.8219811944246,-4.23449299238528
51.0099591344062,93.8577694508754,-4.19489349576349
51.0099600455934,93.8945371212223,-4.15479403576911
51.0177446099259,93.9342437345794,-4.06609468105854
51.0256403062097,93.9698065305999,-3.97639526775128
51.0334246418809,93.9981363592955,-3.89359574697641
51.0398746817387,94.0245826503863,-3.81079618699794
51.0503274430565,94.0516314565596,-3.73889666935613
51.0465483193482,94.082900067315,-3.63969709980789
51.0476614400754,94.1118329367099,-3.54389753396761
51.0505535485933,94.1399369734183,-3.45069797153867
51.0513329119145,94.1655545279861,-3.37229835455357
51.0543358511986,94.183411642821,-3.30329864108672
51.0373249533246,94.2132484523162,-3.23889894613559
51.0250952292081,94.2388662329115,-3.15949922689528
51.0123093567473,94.2641822895538,-3.10479949613863
51.0084184777627,94.2775942450281,-3.04059966268566
51.0001911850964,94.2959786326228,-2.99239986782836
50.9890733624497,94.3180554366819,-2.90410010615337
50.9816246101794,94.3392278031737,-2.83410035751701
50.9785122937077,94.3604755665747,-2.75570064641187
50.9775124637573,94.3769766872457,-2.67990088275808
50.9775132466456,94.3916694604749,-2.61180110020151
50.9598352119362,94.4152530468419,-2.53530130598706
50.9480499633857,94.4325828979746,-2.47380146833254
50.9394892486588,94.4497621214328,-2.40490165390743
50.9311507825854,94.4653589567301,-2.34920181751859
50.9191428453735,94.4731200372311,-2.307301835535
50.8963497193011,94.4753817033886,-2.23790168784006
50.8582122484181,94.4548150262448,-2.15780107893742
50.7474682575713,94.442084544687,-2.11730000801551
50.6164881051225,94.443368050587,-2.07859898424656
50.5179751960291,94.4386240032644,-2.01529813291998
50.4390316510911,94.4706458625257,-2.01119797932124
50.3380719502055,94.4722292388562,-2.04119720465824
50.2365555326604,94.4718523316028,-2.16519639800401
50.3141668709155,94.5750698957992,-2.18469853718897
50.4499297943984,94.6735397297048,-2.21870107101026
50.5576707524817,94.725294700197,-2.45630269014142
50.5903598140307,94.7505322521314,-2.56590332407366
50.6167104558956,94.7285304220216,-2.66180320771707
50.5847988207361,94.7363654986216,-2.73260306946758
50.5752360621484,94.7405083972186,-2.80600305591221
50.6257144160948,94.7331216635041,-2.96530334749619
50.6422808919712,94.7259628493744,-3.03400337292178
50.7838227046752,94.7325121944662,-3.2467045963185
50.876109222582,94.7566191278868,-3.32350569072224
50.887116116099,94.7337140592768,-3.37770543788616
49.5311643691309,96.3553472549679,-7.27341899956003
49.4069649517595,96.282793897221,-7.32021693968773
49.3287992639004,96.2879183355887,-7.32871641118214
49.2965545054684,96.2909324397615,-7.33671620682242
49.2847683975973,96.2907817637801,-7.34901611349029
49.2715368045314,96.295076102684,-7.3751160764329
49.2669780340033,96.2935693198776,-7.37581601857468
49.2855465333148,96.2880691483644,-7.36741608011413
49.4578901320644,96.3524085829423,-7.37461838508018
49.564298983912,96.4246601705632,-7.37362030089907
49.6162249673952,96.4719744113173,-7.36742142061477
49.7181877741181,96.6315479847024,-7.35832462501886
49.7612214432495,96.8440882660221,-7.34522817856056
49.7719008509971,97.1593206386914,-7.33723304822689
49.7891399302807,97.4446420163103,-7.32723752797027
49.883209184508,97.6415859010742,-7.29264126895418
50.0060754441091,97.826699190729,-7.34684506405347
50.1320550481402,97.9840121047389,-7.33484846301914
50.2870539178916,98.0986801849999,-7.3599514447565
50.4234850301172,98.2387395994095,-7.34225467521178
50.5760382477465,98.3744284945835,-7.34965797044766
50.7689532170658,98.5299315367608,-7.37026190272713
50.9785471533356,98.7108250759342,-7.36366636658386
51.1972586498334,98.9017388034458,-7.36847107343084
51.3800558305576,99.0748722379628,-7.3793752275657
51.5589620973738,99.2537328768504,-7.3173794475153
51.7595494491044,99.4413311607434,-7.36398399082353
51.938233628816,99.6541706021135,-7.33878875983793
52.1010174453042,99.8490033476834,-7.32249313156743
52.2665814133926,100.089643486034,-7.34989825173653
52.3955640808784,100.290052365119,-7.3180024541222
52.5257696816201,100.481872183488,-7.28660653981785
52.6468578224456,100.706992388917,-7.32311108304799
52.6908923042111,100.925408952242,-7.32741489357747
52.5510212791962,101.174493377473,-7.30881767666754
52.3476596576713,101.338968805046,-7.33301860865279
52.1778766703365,101.465019626565,-7.32241921492065
52.0048684546025,101.585870587122,-7.39381972083922
51.7953912003582,101.720134377929,-7.38622015034874
51.5772406049041,101.843849540823,-7.43272035163613
51.4670539402728,101.900208368363,-7.37982035789485
51.1313783679591,102.013381109045,-7.21051946054253
50.9424713383024,102.128056846475,-7.12311977916703
50.738887233077,102.264204359341,-7.10202033240759
50.4911599995497,102.324709210126,-7.06361933233344
50.3584000052384,102.320340623421,-7.12921821069641
50.0462887892725,102.124981493134,-7.24511262636506
49.8835062607886,101.986957630221,-7.21390914618151
49.7488533282586,101.831828777933,-7.29410561812658
49.6397729447915,101.610248078403,-7.33900124041236
49.5646079672634,101.490155123521,-7.24679874620821
49.4180562225784,101.157372111476,-7.14129233143258
49.3287681141954,100.961633893593,-7.1597885441341
49.2239140740959,100.776067803507,-7.13738480337804
49.1039378790154,100.583946410889,-7.16378085032683
48.9761787973608,100.385195908932,-7.13337674265027
48.8614288791198,100.187424731783,-7.09617275701628
48.8258447924941,99.9834731443672,-7.12116928976222
48.8836599678782,99.7949660062486,-7.09136678780338
48.9987368239943,99.5974160132065,-7.11276458884958
49.1926473533972,99.435803436485,-7.10616356625689
49.311840708518,99.3836642372116,-7.12266367637547
49.6397356986077,99.3242141408874,-7.08446529863904
49.8417651487715,99.3013816425827,-7.10606652216468
50.0206668047489,99.2413306167152,-7.11456699048593
50.196899403217,99.1485057662992,-7.11976693641703
50.3997057807796,99.0421186349327,-7.13876688848443
50.5883916393108,98.9393489538352,-7.1079667925593
50.7658472074782,98.8397433007098,-7.11246666112766
50.9524205579344,98.7527951796628,-7.10626680697762
51.0601609236112,98.6366162384371,-7.05626587459109
51.1105272317008,98.493389982736,-7.0309640701433
51.1253119864568,98.3003624375177,-7.04456121675133
51.0495889171152,98.1083908550474,-7.08085765844284
50.9207185989369,97.9703654228802,-7.10775450985396
52.5979901677646,94.0741031297934,-0.715409589141245
52.4893562244987,93.9331389948753,-0.732206620430244
52.383835565656,93.7867503006704,-0.738903601933337
52.2401771819104,93.626575048648,-0.711700072751082
52.0948507172234,93.4603721447547,-0.703396450082305
51.9371821469542,93.3009497973569,-0.725792833013777
51.8079773236054,93.1076981089101,-0.757688962804274
51.6777720343625,92.8935775841031,-0.720684788567443
51.4997553107132,92.7109496418558,-0.772680694116477
51.2939414142805,92.5114459856246,-0.786276143003249
51.1611785613003,92.2720860406856,-0.729571613593144
51.0271927084762,92.0737866843974,-0.744667678284237
50.8745267310834,91.8430905702838,-0.745963138876895
50.7316456026624,91.6455444111752,-0.785359162756169
50.5905430282718,91.410553232148,-0.810754676469823
50.485799032563,91.1351033705698,-0.781749909671735
50.3960654380045,90.8592010185972,-0.766145271247719
50.2907652356043,90.5985173369806,-0.802140735832641
50.1968069868152,90.3386634195012,-0.754736318024552
50.1038495037034,90.0947063947996,-0.730932141606552
49.9977704365111,89.8023033668903,-0.779027192657253
49.9340557714091,89.5435793738062,-0.711423061738373
49.8892428942423,89.3026348217185,-0.720719340513615
49.8722269433449,89.0480526818095,-0.743015652425107
49.8625500220225,88.792944030078,-0.693612027640103
49.8450894758735,88.55222477945,-0.724808550421805
49.8148421550674,88.2683355436047,-0.681004387053111
49.8023854894216,88.0273154859665,-0.665800964627582
49.8159462884753,87.754801418087,-0.685497322924881
49.8008206196145,87.4871853526154,-0.68239353480147
49.7705727545822,87.2310956981613,-0.767589796959751
49.7521110849264,86.9149597881429,-0.717785346143231
49.7459913699109,86.6404115914912,-0.750781568493871
49.7575507362979,86.3573497191894,-0.763177827711782
49.7611047828529,86.0580148749735,-0.710673817369774
49.7278545410763,85.7765349280571,-0.791869772804635
49.703277100439,85.4454808677302,-0.773465146816402
49.6622438607667,85.132207653563,-0.770360643828067
49.6493412253418,84.8217212858153,-0.798256415480722
49.5871822105092,84.508147141809,-0.784451776782657
49.5329178324583,84.2041414847749,-0.761647340600646
49.5134570585264,84.0377851046713,-0.803745001724998
49.4328388126709,83.5931152859549,-0.795738543328003
49.384024747957,83.4616429735428,-0.830236444167262
49.2641577463142,83.0671520404002,-0.80073037677175
49.1335074508866,82.8368318919105,-0.812426378054859
49.0521133886084,82.5805930890327,-0.835622433769956
48.9257998939374,82.3300822567517,-0.756518230729156
48.8777624199323,82.0627677265597,-0.772214423384586
48.8153815768316,81.776316831564,-0.755110272286689
48.845174528269,81.3946309861312,-0.801205629446251
48.7389851303305,81.1104406335026,-0.810001202059777
48.7197452312672,80.7850373203685,-0.773796933264666
48.7631039180965,80.4223381969335,-0.771892689768496
48.7033923373009,80.1907363745169,-0.768089321733058
48.6560216049841,79.893360042987,-0.794385234411319
48.4956836130952,79.6567109444922,-0.846081057289346
48.4240744300008,79.3592607299013,-0.780576811886046
48.3337855964509,79.1141727234923,-0.798873088509186
48.2158110873943,78.8716472305241,-0.776369196562865
48.1365321844112,78.7636829287471,-0.746267265144549
47.8737885170699,78.4343647214085,-0.733761235518735
47.7681555810586,78.166599167866,-0.722157159566414
47.6422863978782,77.9150323453444,-0.723453145860766
47.53187251093,77.6615064966533,-0.717049234420653
47.4147880819577,77.433522541126,-0.651345594933055
47.3481844570195,77.329625982377,-0.665843841760971
47.1484844937569,76.9654985854333,-0.655237964914736
47.0535257354609,76.706623018577,-0.661934151902841
46.9373296694369,76.4415693752546,-0.690630117440271
46.8294726181304,76.1590362636486,-0.71072595012815
46.6722487467392,75.9519970286629,-0.723722331390434
46.506908109539,75.7134654186094,-0.678818292918439
46.3436812952511,75.531140073942,-0.564714945397903
46.2140320567975,75.2791968870069,-0.530111030971931
46.0653701744957,75.0640966903533,-0.471307422504804
45.9179309496307,74.8557011150915,-0.483303914646207
45.7251282143996,74.7308617212736,-0.427801066551897
45.5403299671442,74.5328643568838,-0.397597430474558
45.3476371961155,74.362366326449,-0.432994069639893
45.1718476547211,74.3102327943613,-0.325992213600756
45.0059519034035,74.1244410008598,-0.264588881787084
44.8469504744236,73.9617797741951,-0.158385874995155
44.698511584943,73.7943712548483,-0.101282896749066
44.5550749070672,73.5723383445497,-0.130679332052917
44.4101951777678,73.4812519713877,-0.052077273031756
44.2589764073054,73.3169321600007,-0.0244743326720815
44.0430491787255,73.3173895831569,0.207727158501548
43.8922775595365,73.2663111942118,0.37812878508015
43.7237130132776,73.0909912884657,0.382131951948683
43.5750524052641,72.9681103011435,0.454134374337066
43.4306172741735,72.8684347685327,0.527536498455341
43.289404342002,72.6324635640994,0.51494014604194
43.173653535022,72.3913686039654,0.490143666484087
43.0478954326559,72.14778699849,0.42484727235766
42.9091296458461,72.0001923164671,0.392949873260189
42.7769267229435,71.9901747441365,0.513650873981106
42.6419408190703,71.800011434961,0.478853919910232
42.4662611777301,71.6521925977121,0.575256752825545
42.350734101875,71.4888517011325,0.604959351657797
42.2237545542564,71.3494693444904,0.587861751173346
42.1192355324171,71.1939643462974,0.655364178213226
42.0214990988053,71.0065147729355,0.791166909141268
41.8997448598764,70.7791330468649,0.848070233632836
41.8571578348815,70.6584344274822,0.815671848631698
41.8571578348815,70.6584344274822,0.815671848631698
41.5126873076632,70.1558262876528,0.626879640316318
41.3267803171685,70.1093445614069,0.846181360155139
41.1830129189277,69.9436711140227,1.13238410641785
41.0002169654233,69.7324900184145,1.31088759396603
40.7886240973121,69.5281670060988,1.63569117782567
40.5676927380622,69.38728362241,2.0613941197191
40.3055099055287,69.2002913630238,2.51799781077555
40.0823541540008,68.9762304291597,3.01080164213796
39.8995582073805,68.6937012550307,3.33180583357097
39.7249922749656,68.5406114534204,3.73650856879807
39.4933869785582,68.4193172691899,4.17781130828867
39.2428781848162,68.1980432931545,4.59011522200231
39.0792083240434,67.970364892145,5.07341865282868
38.9414445957473,67.7492392806881,5.39882184418394
38.7589845320816,67.5783695611268,5.90002476616075
38.6283342469475,67.2936512857604,5.91152856486215
38.4130707748019,67.0610728883714,6.09473231124478
38.1732333505833,66.7367271380935,6.25563714882177
37.9939931976131,66.4142628929205,6.28844157887254
37.8013034291367,66.2767687885774,6.6826441542359
37.6701005375483,66.1559232673619,6.93874618272451
37.5442355620906,66.0893248208424,7.2350476147411
37.4088093339259,66.0006532871025,7.74654932824478
37.3106302437441,65.9100203850422,8.06215083787492
37.2122282074343,65.7785515467292,8.36025276975151
37.0885862963372,65.6906302803066,8.58235439543898
37.0967045350915,65.6299830467285,8.94635497142426
37.0682429577602,65.6204200050891,9.44925523539719
37.1019358491678,65.6382800952707,9.86235485492191
37.2627185278735,65.6695506749544,10.3637535951982
37.3076417804833,65.7493415790243,10.6999525112341
37.257052636621,65.8199402184395,10.8874520817394
37.2662815278104,65.8715492114722,10.8218514942797
37.2867389869819,65.8145886576047,10.703651962863
37.2200252035494,65.7331449390605,10.8033531921194
37.0976069685267,65.6802584356862,11.0682544495506
37.090156293935,65.5909020250963,11.067655410684
36.9026932940707,65.5797568230755,11.4012566125955
36.7730494436109,65.5667289299595,11.8836574962761
36.6903258539101,65.5442047896021,12.1192582050309
36.4726189695939,65.5027720306303,12.4432598803101
36.3878908292781,65.3555525212812,12.3751618716062
36.1912005165398,65.3724369756005,12.9107628207868
35.9558132832159,65.2527979452458,13.172065374017
35.8576305994751,65.0706943514357,13.0551677847534
35.7577761083868,64.7134151387551,12.574971974131
35.7784548549048,64.5883440204883,12.3883731246895
35.6034429445893,64.5376408319938,12.4445746161843
35.5666387947622,64.4156627130745,12.5861760518893
35.564303132982,64.3193753339493,12.6520770363001
35.3431512456634,64.3954783941846,13.0909775007154
35.2986735544012,64.2170670182027,13.076179542711
35.0609489550368,64.042273749025,13.0155826097035
34.6846864033975,64.0406983640304,13.2847846846892
34.6272008076086,63.7688661308119,13.680387715837
34.5116738416894,63.5232520859324,13.905090790037
34.4178295933466,63.4253082791055,13.9880922700865
34.376577360016,63.23989180545,14.1628943291852
34.3963681706065,63.1118851183958,14.2601954894634
34.4952152662476,63.0727817970334,14.3272953411244
34.5553649164234,62.8609146287718,14.0691971020293
34.6130676857038,62.611450873886,13.7522992371717
34.7554978013627,62.4187204772686,13.5486003481846
34.7502718431373,62.365454067768,13.6401008951035
34.7989702870844,62.1777739238763,13.5667024600324
34.9013699535957,61.7291051081135,13.424306248486
35.0471295394591,61.1356229325935,12.8536111546142
35.1694325895485,60.7014203865839,12.7692146198378
35.4178211303861,60.1277544363173,12.4030186672841
35.445728241325,59.8342214748829,12.6998212674511
35.6450805890216,59.1498010409208,12.2013265264051
35.972627075768,58.1034274772506,11.1110342861081
36.1542993411283,57.4110196484936,10.4274395149277
36.1859811493611,56.9196303910164,10.0257437302823
36.0737811583203,56.2983487024735,9.28234987114961
34.7799618025467,54.7266980144108,7.71557071907288
34.2988381695115,54.054792154476,7.26097904541622
33.7774648500188,53.4858042685256,6.74078661944875
32.6065128006346,52.192617945356,5.00980341413706
31.7631322544853,51.3684435272102,4.04581435200623
31.2663308855795,50.8698220572671,3.08662079874055
31.0918721631162,50.619081233928,2.86432364309888
30.733169214228,50.0775163694021,2.29432965145722
30.5314676102242,49.6451243016311,2.04653399583213
30.3267657689596,49.3114328149753,2.00533755616282
30.1420757425446,48.9796964398019,1.49274098420323
29.9420432345058,48.6934691035643,1.22704411460871
29.7723632488377,48.2927941029722,0.718447948890816
29.5645447760819,47.88639227295,0.0582519768757432
29.4994916966367,47.3682556329927,-0.667343859657988
29.3954123189502,46.9617020044264,-1.38374037916979
29.2615335515144,46.4665454970543,-2.12703614298787
29.1646831309652,46.0804873977997,-2.53603290349611
28.9669859791228,45.8179176363154,-2.82443011278636
28.8563502447591,45.5213688957837,-2.93872749018938
28.8128719658271,45.248249947294,-3.23122535538489
28.7130229729218,45.0719487673312,-3.24332365860717
28.626848870918,44.7902422359383,-3.37432128974227
28.5234403572743,44.4845015611588,-3.50011868924713
28.7520537718006,44.493856350926,-1.4844197819269
28.6497580222394,44.205370236234,-1.44051732041561
28.5609158574452,43.9678146514749,-1.54501528100731
28.4761872552777,43.7053955637766,-1.70541310265952
28.365551971144,43.5163600921786,-1.92011131909277
27.246130000396,44.7263271185894,2.37888521336927
26.6352718635887,45.2699463299178,4.70138396806997
26.210870987836,45.5034467277293,6.07308407069292
25.879643285429,45.6337228857095,6.89098449494965
25.5798802101927,45.6335790068587,7.51698570731147
25.3146958489896,45.7017680373735,7.75268628004001
25.1409070563887,45.6638718671174,7.74268723782783
25.079972193485,45.3866839629289,7.45838945295457
25.0557290177225,45.0645908119147,7.08249182776455
25.2126095716227,44.5728962242053,6.22569465740637
25.264525212703,43.5552367944111,5.73010146958038
25.2477284305368,42.832093227837,5.24870642421209
25.1675548320332,42.1719374106802,4.85721113201422
25.0491340882284,41.6535783873372,4.66211499913331
24.9676284224989,41.2479311328254,4.33741794975341
24.7883863494032,40.5537980326956,4.18242309278881
24.7883863494032,40.5537980326956,4.18242309278881
24.7883863494032,40.5537980326956,4.18242309278881
24.7883863494032,40.5537980326956,4.18242309278881
24.4516925508204,39.0240346450025,3.34753391886644
24.2628880958459,38.3468529140954,3.04953873998966
24.0368382670584,37.9011266435936,3.10444225596839
23.899294887419,37.4865160586819,3.11014521966505
23.7674223161236,37.110857491828,3.08794790458932
23.6942590129494,36.9353847425497,3.12394919545219
23.4254003838006,36.3120755191365,3.16575376045118
23.2446047909065,35.9114790179705,3.19625668827467
23.0678120228319,35.5259508863913,3.20105948535263
22.9389416501019,35.1603126630427,3.1536619725507
22.7341299769742,34.8436483858845,3.22846444060088
22.5334318943492,34.5342916136102,3.17446683269175
22.3516357535523,34.2149892437445,3.07996919121277
22.1870742089733,33.920474776382,3.02687133649605
22.0266263972267,33.623473560101,2.89777346255591
21.8874157709794,33.3410133775385,2.76697542274573
21.8083581275489,33.0619428664195,2.55607714478819
21.6715934674871,32.7865644900946,2.34557902953812
21.5421676636737,32.5102071776862,2.24438088057303
21.4146318963178,32.2428152902423,2.0720826644939
21.2528503795998,31.9963693584131,1.99128444541626
21.0962947420091,31.748265841796,1.90908620223011
20.9235052774345,31.5091277409793,1.73318795659819
20.7670608666602,31.2827981269927,1.61708958053416
20.6324094303728,31.0554888390402,1.48089112813654
20.4908642959463,30.7985700880696,1.39379282756978
19.9842761301441,29.7115175461958,-0.464900417602173
19.8322796197892,29.4770512727713,-0.502598855471588
19.6731671067014,29.2186262965643,-0.476897175136003
19.5268414530197,28.9906397086732,-0.458995685469365
19.3772910411035,28.7393719317151,-0.49829409569112
19.22373824294,28.5153786656655,-0.448892626425012
19.046613340979,28.3112004227892,-0.453891187064603
18.8970631791819,28.0884876676567,-0.465789759928089
18.7509599557962,27.8488983164728,-0.425588280286352
18.6008536821214,27.6114181727492,-0.477086809526062
18.4386280313063,27.3690411215223,-0.451785293799997
18.2532751545129,27.1683285489871,-0.475083903180865
18.0799303927687,26.9199991190602,-0.524882358538873
17.9358286421847,26.662402915641,-0.445080871044473
17.7852776380111,26.4085733849375,-0.481279396049175
17.6292786222324,26.1613743383117,-0.444577944370305
17.4831755252594,25.9405452060272,-0.414076641808455
17.4007840244403,25.8392846423766,-0.446076005987578
17.1775152180292,25.4606126218776,-0.394673880234715
17.0333021178013,25.2066324411277,-0.400072485749213
16.896538729706,24.969453637776,-0.414971190721817
16.7489902262686,24.7463641866789,-0.377969934496738
16.577758333345,24.5268156741718,-0.409168639633016
16.4075272103434,24.2893357398872,-0.388767290180609
16.2692073655952,24.0629310821788,-0.362866079995647
16.1441188036466,23.8212315509908,-0.391564856731375
15.9807815989935,23.6211970008052,-0.3593637018078
15.8258945306609,23.4097100241959,-0.398662537686338
15.6481026408392,23.1978465337636,-0.405361324941156
15.4856548737566,22.9767159244236,-0.376460129800502
15.3416643127039,22.744886366839,-0.395958950442148
15.2085703569249,22.505673322759,-0.367757784743902
15.0573526794901,22.297576858942,-0.364956695688142
14.9084698372646,22.0679322230245,-0.386955548922664
14.7584752241443,21.822089109763,-0.335754355970355
14.6270489666319,21.5678072617904,-0.35735319003
14.4694934761861,21.3420805153975,-0.361252070825709
14.314050662112,21.1189155103778,-0.334150979072421
14.1590524388774,20.8928872219739,-0.379849888955271
14.0147284980161,20.6380782503754,-0.316848741498334
13.8800778988105,20.3965293639806,-0.321047671711931
13.7525434044924,20.1642475826976,-0.336946658405001
13.6284558712274,19.9278220811567,-0.301445649661142
13.4665640361702,19.7173143978278,-0.349244651536331
13.32746595255,19.4467586524902,-0.291443531015147
13.1869223353878,19.1826068834229,-0.286542439305716
13.073619915469,18.9134069267925,-0.319041403103052
12.9356338483914,18.6808992649181,-0.274940439633307
12.8712551011291,18.5698439731288,-0.288039985090342
12.668111863618,18.2237945164507,-0.313838580118103
12.5675963752922,17.9840536699262,-0.30943770297192
12.4747528636446,17.7338400742545,-0.323536821193975
12.3598940989535,17.5111267833637,-0.308635982260568
12.2955154253757,17.4067770330694,-0.306335572907046
12.2955154253757,17.4067770330694,-0.306335572907046
12.0385562879786,16.8569251049773,-0.310433608675024
11.9547191446892,16.6295402905689,-0.348432855421974
11.8607640108011,16.4219708736808,-0.315332143412858
11.7451270723633,16.2400180379067,-0.308531463032142
11.6208172962516,16.0457088747092,-0.342530744960038
11.5245272833785,15.8639067210303,-0.31023011587158
11.4296826635521,15.6860222849471,-0.320029505881498
11.3567422128182,15.4780759944865,-0.313228869167621
11.2780200558611,15.3119450454548,-0.305528327966037
