0,0,0
-0.00756085434594559,-0.00497409687450729,-0.00210000068219141
-0.0191245140968041,-0.00414508056974967,-0.00279999915322752
-0.0153440867105517,-0.00655676413192181,-0.0058000006953251
-0.0202364041641907,-0.00783797089524142,-0.00450000120802727
-0.0269077463327128,-0.00859162207387417,-0.0013999995455521
-0.0216818613152925,-0.00942063792434308,-0.0052000000660455
-0.0215706713661646,-0.00904381249607467,-0.00250000156995568
-0.0256846673790233,-0.00798870100393933,-0.00289999982388617
-0.0227937513170699,-0.00851625688945123,-0.00260000071667821
-0.0210147268022371,-0.00655676421520801,-0.0055000009675812
-0.0156776533749581,-0.00278850872135037,-0.00510000039437763
-0.0112300917495406,-0.00444654105168475,-0.00190000081417409
-0.0179014334388794,-0.00580311312143133,-0.00630000047023004
-0.0180126235336852,-0.00798870094699045,-0.000500001373828097
-0.019013323766111,-0.0052001921616348,-0.00480000160845906
-0.0217930493273485,-0.00655676422978611,-0.0100000014936702
-0.0222378070151136,-0.00806406619794165,-0.00669999939668067
-0.0204587818307849,-0.00610457330093427,-0.0047000000911338
-0.0211259157840779,-0.00829016160984725,-0.00420000139751759
-0.0213482931208185,-0.00904381250154959,-0.00730000001332303
-0.0167895435353129,-0.00572774792773289,-0.00679999983712865
-0.0190133236420559,-0.00595384315697434,-0.00710000118323724
-0.0189021359986399,-0.00655676413662425,-0.00629999963394885
-0.016789542645634,-0.00527555740753697,-0.0100000000676443
-0.0194580806077763,-0.00731041527681825,-0.00770000081179364
-0.0180126235653531,-0.00648139876218234,-0.00640000062146981
-0.0166783537310614,-0.00753651042865305,-0.0063000002532762
-0.0174566777439009,-0.00949600312092416,-0.00500000055493449
-0.0164559759994878,-0.00806406611667879,-0.00210000121347274
-0.0133426833589367,-0.00731041516070549,-0.00559999991524612
-0.0113412804030762,-0.00678285944684222,-0.00640000166913086
-0.010785334454555,-0.0077626056087919,-0.00220000017793943
-0.0101182016184253,-0.0108525750483794,-0.00249999954226549
-0.0053370740224331,-0.0198963876297628,0.00520000052781418
-0.000222377607063839,-0.0285633746265893,0.0389999998968202
0.0155664667664367,-0.0391144897340889,0.103999999528104
0.0273525049209425,-0.0551672575514402,0.166999999342979
0.0410287585377661,-0.0675271355239607,0.233899999646968
0.0624882447987608,-0.0673764057308627,0.308199998676033
0.096623283055164,-0.0655676437988121,0.392599997946469
0.139319878220575,-0.0520019243743756,0.451799997194648
0.178458425362664,-0.0231370881756624,0.51849999677734
0.250508929958175,0.0216297858648185,0.540499993764751
0.321002788312596,0.0670749449852574,0.56089999125489
0.408508571156178,0.140782017134667,0.553299984138862
0.514026979915944,0.235365219071915,0.521099975392571
0.631887375096216,0.347583850928017,0.506599958255978
0.775654827143051,0.48753683419652,0.514799933461217
0.93521112866547,0.647989116203755,0.524299896354943
1.10844369561336,0.827659489897674,0.551699848289624
1.30424765131868,1.02526674486348,0.590999783511639
1.49971804937485,1.23734408398198,0.613899702802407
1.71664794393732,1.46796121475653,0.626699599207912
1.94781005090615,1.71093819990106,0.64199947314782
2.19376031014053,1.96424017187718,0.633899320181751
2.4473826272349,2.23336878197843,0.615899138287769
2.4473826272349,2.23336878197843,0.615899138287769
2.98531548194951,2.79996318073769,0.579498686578652
3.2672910514782,3.10571911472529,0.546098406891395
3.56349885210907,3.43227577289689,0.525598081592936
3.8639318499553,3.76546451074094,0.492097718706217
4.17270404988291,4.10520996987678,0.466397313641822
4.49415183301254,4.45837036158214,0.44299685913371
4.81571082816684,4.81763528173435,0.420696363595026
5.15795101600647,5.18421055408875,0.402395808858742
5.49885696999104,5.55802083114386,0.389895207415256
5.85266087589153,5.93409199996366,0.375894555821191
6.20668719618044,6.31521258798907,0.371593855906102
6.56682893919807,6.70296523452957,0.357993098738909
6.94342670260475,7.09230049367949,0.358992279554627
7.31357552892588,7.48480104025635,0.358491417078441
7.68872790413907,7.88423511520795,0.361590495672355
8.07844606746435,8.27816747914891,0.368689516988493
8.46071461794728,8.68641915605875,0.378688478213164
8.84531817267556,9.08751111916959,0.400187397817583
9.24715606021881,9.49011029954583,0.418286242336332
9.64821568481159,9.89489504090386,0.454585032660943
10.0635075330047,10.3036740357325,0.481983742832835
10.4755749416356,10.7101166829122,0.51828241082614
10.8893102281652,11.1241711301312,0.551081009920419
11.3233931569037,11.5445561411887,0.584179508130168
11.7667048287934,11.9595148256289,0.632177941608916
12.2000095148797,12.3733429950244,0.67737633911366
12.653995383144,12.7924465811757,0.70787462820896
13.1199897424206,13.2150922626349,0.7533728246973
13.5803134596442,13.6303521106723,0.788970987858198
14.0467526517827,14.0495308929758,0.839469069536394
14.0467526517827,14.0495308929758,0.839469069536394
14.0467526517827,14.0495308929758,0.839469069536394
14.0467526517827,14.0495308929758,0.839469069536394
14.0467526517827,14.0495308929758,0.839469069536394
16.4995893943124,16.1662243073175,1.10155818282022
17.0113940067448,16.5959537000376,1.16095573712854
17.5348734920708,17.0244017707905,1.21385318931815
18.0491243068573,17.4496091014973,1.26375060579749
18.5772738270803,17.8715756733698,1.32844792163439
19.1120947496379,18.2973104040823,1.39444513578973
19.6466932735302,18.7149056257066,1.4485422988958
20.1999716552523,19.1404894207533,1.51193930905244
20.7463563530312,19.5677311846708,1.57243625990443
21.3247634860791,19.992108856652,1.61793303548205
21.8929412509595,20.4068398054742,1.66932979731939
22.4790205071599,20.8323477620516,1.71272638264406
23.0636542854496,21.2507713228948,1.74772291694155
23.6580727159685,21.6763543790732,1.7687193068381
24.2658340442972,22.1063086037389,1.83111554792704
24.8745959730253,22.5274449601694,1.86481172958302
25.4946992247752,22.9465463474132,1.90070778561658
26.1302578790415,23.3743145821097,1.94810366214643
26.7731549977687,23.8020826520231,1.98249941388464
27.4216115034385,24.2136471474722,2.00749510900606
28.0859682404496,24.6410381702082,2.05359058066066
28.7624445524622,25.0651129458,2.08558591167249
29.4393657096399,25.4845904385473,2.1331811606936
30.1290736402601,25.9015053818504,2.18067626147852
30.8234515438144,26.3135215146436,2.23057125623965
31.5282813118496,26.7403089790826,2.2767660355782
32.2283299460457,27.1560931262577,2.32426077841598
32.9442787926899,27.5788107425805,2.39125530718657
33.6575590661599,27.996780251517,2.44694976037653
34.3819584462416,28.4259790324078,2.52094399767958
35.1104716820542,28.8388988360073,2.57513817293227
35.8327584411891,29.2592797071348,2.6357322410106
36.5689438244914,29.6868199765433,2.67942608537011
37.2878948046773,30.0983075190761,2.7141199936686
38.0101813362929,30.508965813175,2.7230137785424
38.7420301066296,30.9233921288711,2.71960737750647
39.4724334149776,31.3382705089518,2.71060087195996
40.2033926342726,31.748400779521,2.69539427586583
40.9333511485425,32.1601889434583,2.67438756903669
41.657527937182,32.5739365703288,2.66448077967053
42.382260588488,32.9877593683157,2.63777387591223
43.0958743907607,33.4007531438838,2.61686694352936
43.8074867767787,33.8096017671112,2.59425994014938
44.5205446042246,34.2229721006066,2.56175279602596
45.2377164812615,34.6380757057987,2.53224550699544
45.9424351895164,35.0540082750641,2.50003819599225
46.6424839564941,35.4728799552221,2.46243079663999
47.3425328761779,35.8977053979073,2.43732326129689
48.0302396739717,36.3188378477176,2.39401573389551
48.7165010419013,36.7397441158183,2.35200811766502
49.4078771384074,37.169995406952,2.30350030366759
50.0894684801025,37.5998697280448,2.2375924673456
50.7468208220406,38.0352458305395,2.19288468734328
51.4110669070527,38.4763494525827,2.14297672208098
52.0683081408985,38.918960324423,2.09656870467199
52.704868211468,39.3656408745764,2.04446073264416
53.3374255948421,39.8162403510666,2.00075267600749
53.9674256479791,40.2669904643439,1.95604454680841
54.5791907050681,40.7143492079402,1.91233650056007
55.182171979934,41.1702241459644,1.87682838487668
55.7737007396442,41.6267019266967,1.83292027763528
56.3608932154843,42.0956147440681,1.78561203758908
56.9297396902998,42.5689741971944,1.75400384293997
57.4714562562748,43.0470818255198,1.73959577594297
58.0000526660305,43.534760773211,1.7305876815216
58.5110812375755,44.0265094139155,1.71777964041845
58.9976482193229,44.5217248694017,1.69867172017146
59.4537495066863,45.0236479192893,1.68206396446462
59.8804970506631,45.5308466906989,1.67515637396541
60.2766678730656,46.0480692028934,1.68454893212513
60.6412611299062,46.5696630692525,1.69934169375713
60.9648255795869,47.0871874871498,1.70853481205372
61.2661521784737,47.6081787059508,1.70652806101778
61.5148865436302,48.1339937102353,1.7164217247033
61.724037743952,48.6578496166626,1.7380157341898
61.89149311258,49.1811029508156,1.76301010484422
62.0138055169017,49.7016433500446,1.76530488687478
62.1063190926269,50.2204504525715,1.74839993047238
62.1603612791925,50.7389564026845,1.73029530666851
62.1712622323071,51.2619092505539,1.71689102672104
62.1441363951558,51.7757432733435,1.69438714937545
62.0770936821274,52.2874674331176,1.66948363584712
61.9722468687799,52.8026587935128,1.6558804201233
61.8303740298051,53.3108415863989,1.63767757934983
61.6531431936445,53.8167638885017,1.63047505683799
61.6531431936445,53.8167638885017,1.63047505683799
61.2026143748277,54.8264240080888,1.6269708182737
60.9339863632722,55.3296342830962,1.63456905591847
60.6355596933599,55.8315636807924,1.64046753757459
60.3183420949783,56.3304787487967,1.64766616891805
59.969769033685,56.8243446364044,1.64046508813128
59.60351707197,57.3234863253541,1.64056406691559
59.2226992902039,57.8204425856383,1.63316314169988
58.8139731066255,58.3143092896722,1.63026244047414
58.390236407942,58.8052370023194,1.62736184035891
57.9480423762053,59.2959388932558,1.62596134301314
57.4929502868957,59.7763913687772,1.61766098931188
57.0195121198508,60.2563166454341,1.61886073816843
56.5370677250612,60.7356392369361,1.62626049995179
56.0382783553044,61.1975528610381,1.62936050024881
55.5166950747444,61.6475591611185,1.62556074058245
54.9833255739064,62.0801564525329,1.61836117995265
54.4349454782599,62.4942898057819,1.62216185189187
53.8716657896881,62.8845328392835,1.62256281193486
53.2982675966317,63.2442534639914,1.62336408361054
52.716307400597,63.5677238692777,1.61566571624447
52.132679037582,63.8605210024499,1.60576759968036
51.5447139503657,64.1184998766814,1.5975698017042
50.9541909319394,64.3357064681188,1.57097236925143
50.3681150830577,64.5145525552544,1.54637522636644
49.7824833943383,64.6489334769042,1.50687847221473
49.2036335604724,64.7313880644903,1.45238213222931
48.6352349970561,64.7689252917463,1.39588611832475
48.0777324028236,64.7653885926092,1.32369038485338
47.5261222549545,64.6971138931859,1.26899521595897
47.0039769121975,64.5927393707157,1.22580014560763
46.4860561427829,64.4348559341457,1.1785055404605
45.975584610291,64.2283624003249,1.14411132361274
45.4758980833771,63.9793632788532,1.12571740771183
44.984216896364,63.6916268471029,1.1264237725069
44.505321976504,63.3657556604935,1.11623037665776
44.0285394688159,63.0031067742157,1.13403727454722
43.5696581695702,62.6146076304188,1.15574424788552
43.1065513149351,62.185411655219,1.18275158922308
42.6554528000212,61.7230554250846,1.24635910945521
42.211025405284,61.233944656874,1.31386677346661
41.764373791902,60.7018006193387,1.37807479533006
41.3289520002319,60.1426757977399,1.43658292148563
40.8876370041326,59.5552139402661,1.50429127135898
40.4400952616187,58.9316526234291,1.59619990865
39.9941097715023,58.2716145806514,1.67430877670429
39.5421198738509,57.5826365055409,1.75661784341378
39.0680029611825,56.8662255216423,1.80782718528229
38.6078957646238,56.1230599293994,1.87003655977592
38.117322748502,55.3617317235415,1.94464615493512
37.6249706479313,54.5768897228127,2.03125583303595
37.1166070332102,53.7615248939558,2.10146572693793
36.6056857671788,52.9150341459724,2.1500757480567
36.0873149702571,52.0556561393265,2.22248576386329
35.5533775709362,51.1802252758955,2.27669583817225
34.9999819200271,50.290776336826,2.30070596343007
34.4351338134249,49.3793209393019,2.33881615138586
33.8359282999845,48.4567869971743,2.37272642223494
33.2392801478542,47.5152609674185,2.41163663377861
32.629066827673,46.5424584925339,2.45144694850056
32.0078459145083,45.5606875460528,2.49955717419532
31.3650542801974,44.5567592754629,2.54276745039267
30.7103654135074,43.536853472014,2.57677767160862
30.0601241578791,42.509034004459,2.59658769131528
29.394983367566,41.4420999587981,2.59479780306198
28.7000440744035,40.3611481399874,2.61030789063908
27.9860918753042,39.2959476018891,2.65461770684023
27.2824802644098,38.2121315312491,2.68412733057042
26.5636357158551,37.1044245456887,2.696136898101
25.8194401449748,35.9884272193076,2.69184633955136
25.0674616231987,34.8705456501241,2.70825553983015
24.3009174407526,33.7351038679164,2.72466460623754
23.5320383410664,32.5903917697361,2.71137343245276
22.764493659696,31.4420617737684,2.68128197428727
21.9963931269956,30.286873147598,2.62139025190768
21.2270696603852,29.1257303282027,2.54089825942492
20.4517421898905,27.9535086393987,2.46350603288442
19.680417797224,26.7652340512309,2.41481354949618
18.9202125557835,25.5717589595389,2.37042073844741
18.1583397615269,24.3668282171812,2.35212766471489
17.4170371440343,23.1511198863081,2.32883425405874
16.6915236643175,21.9336778559529,2.32044049073094
15.9801315139864,20.70937737508,2.34474639897411
15.31332646227,19.4859808449592,2.37785188528945
14.6746524951908,18.258212784061,2.4161570136761
14.0861250993555,17.0424273305914,2.45746170102023
13.54107290778,15.8347055570581,2.50156598958916
13.0506148586274,14.6434883531682,2.55436985349957
12.6227565142019,13.4688510553247,2.59507330086661
12.2568307804214,12.308005260176,2.6506763560691
11.9535047131729,11.173461499265,2.67177901488506
11.7216735064514,10.0684605718931,2.69708128409083
11.5602252361676,8.99262568401465,2.71758318519118
11.4702717486331,7.9572615946648,2.70808471919404
11.4519242658363,6.9605596343084,2.70118591644356
11.5070729819388,6.01676380906353,2.68628677453517
11.6303807991482,5.14170080476054,2.65948731456765
11.8189568012255,4.3338633662023,2.63848756699595
12.0595694336592,3.59890388416575,2.60868757185033
12.3563326763502,2.95709554813155,2.57098733286345
12.674444250849,2.37972431449981,2.4999869489043
13.0276915974842,1.86701627862858,2.40598640751098
13.3916131437426,1.43826488134397,2.30828576226888
13.7694333722646,1.08834528974486,2.2157850267476
14.1571493418217,0.826979559087061,2.0751842150755
14.5480898610439,0.632161118649472,1.96208335710677
14.955152700967,0.521751432573981,1.80988242401567
15.3692204306696,0.473065640755866,1.65238144333335
15.7796189531951,0.489645879486928,1.51428043761773
16.2032489429856,0.56169468879596,1.36857936938662
16.6413334664575,0.691774457944833,1.21067822685058
17.0774166168348,0.869107994113877,1.06807705079319
17.5145005347027,1.08517905362738,0.951975832393487
17.9678180246454,1.36395364887104,0.822674515668922
18.4310314751325,1.67325097335353,0.738273117692319
18.9078099675744,2.03560509914323,0.638671615783851
19.3962634489259,2.43669670305226,0.577470007549245
19.9052869900308,2.8818013034947,0.530068252917371
20.4286540511794,3.3705420712436,0.507666355311683
20.96258417189,3.90148705898495,0.496364320525213
21.5164173129761,4.48149445878015,0.512862093603882
22.086706518223,5.0989580540603,0.526659678672351
22.6804568177645,5.77482926429332,0.563057017935897
23.2984465441691,6.49463802478533,0.62075409500944
23.9373400708999,7.27330655935682,0.701350889047513
24.5948023443992,8.08762246794412,0.782747406137528
25.2875117487951,8.95808492364677,0.860443533309516
26.0049053029234,9.84377083959755,0.938539340995552
26.7405342166429,10.7743739797864,1.0455347949584
27.5230851860783,11.7613496608356,1.14912972241322
28.3353240183493,12.7786970952815,1.27972420776233
29.184477988596,13.8390774984602,1.42241816710941
30.0589834144887,14.9259106228139,1.5752116539116
30.9629543524003,16.0597710022827,1.73550457586998
31.8957237073679,17.2185767803576,1.91629695678222
32.8625171439369,18.4151397672741,2.06278870646763
33.8573307775024,19.6314479791044,2.24477987524375
34.8783854018422,20.8888294531719,2.41037038047484
35.9209001383529,22.1749245273657,2.60886025497731
37.0005521866988,23.4795586104398,2.76074941528578
38.0984396074638,24.8049174280372,2.90043793805631
39.205556349071,26.1482126816238,3.07242586564512
40.3260161504276,27.5092180639754,3.23061315642125
41.4515910002424,28.8756491846928,3.38099990278227
42.5802794011897,30.2606193678771,3.49938605108309
43.7032977226987,31.6451370537947,3.64637173973196
44.8229806108345,33.0273932599823,3.77515696616288
45.9532270261339,34.4102519857703,3.92954161760504
47.0616807660929,35.7976322367687,4.08142590412712
48.1622409068925,37.1752904433621,4.30030981241162
49.2490140506993,38.5360667913833,4.54029344222742
50.3013190749219,39.8929994905991,4.7977768937819
51.3279399749031,41.2404362528576,5.08436015131325
52.3010793877059,42.5727249455102,5.39444349980278
53.2196253043875,43.8931062013723,5.71272696053027
54.0690118017598,45.193666847782,6.03061074346839
54.8480156773226,46.4772706934592,6.33409487492444
55.5431829189732,47.7306537560786,6.6247796133424
56.1526232634938,48.9517812646022,6.90276503381134
56.6785603698185,50.1418589993963,7.1573511486659
57.1183254630986,51.2814429685661,7.38503817924125
57.4639129899129,52.3702319318198,7.59852623982594
57.7388947351107,53.3930773369103,7.78211528947255
57.9399349472442,54.3528430331631,7.92910537341255
58.0798203673843,55.2485492165884,8.04319641795133
58.157105538785,56.0855467823996,8.12328842219528
58.2013665076785,56.8523045572765,8.15378124281569
58.1905880862746,57.5510085997711,8.16547508593754
58.1451177738343,58.1957516350705,8.13226966215959
58.0767417584407,58.7838206030739,8.07376490346456
57.9614431987694,59.3182303293836,7.99056101486765
57.82535155103,59.8070444779826,7.87495769513003
57.6592382333793,60.2466458180891,7.74515507209358
57.4647709511209,60.6395965656114,7.58415311321443
57.2465087082523,60.9982565749381,7.40585166267792
56.9984471581389,61.3135821390068,7.20655086961329
56.7238108740843,61.5875327741213,6.99385068686787
56.4286040235806,61.8222185466364,6.76005104167397
56.099706529967,62.0222370409906,6.52725200801531
55.7564650675776,62.1771122504951,6.28075351756827
55.380867030444,62.2820211417434,6.03125577253873
54.9820301300309,62.3429175535316,5.79355863229297
54.560510305269,62.3598014786434,5.56786209190484
54.1095248323517,62.325513228191,5.34066627243261
53.6403039728698,62.2478153015151,5.12067099675227
53.1555163914393,62.1258034475101,4.92407624921097
52.6512701619688,61.9468916245953,4.729782172532
52.133013790485,61.7252483839784,4.54778857963683
51.6024149783597,61.4539400888021,4.37019551481887
51.0632543333334,61.1395988828663,4.20950287316408
50.517644201616,60.771221352897,4.04871073828494
49.9581352127154,60.3645588987465,3.90401900454954
49.3885075408707,59.9084573398032,3.75632773694652
48.808650441991,59.4194218198004,3.64063677354607
48.2223439295368,58.889387865255,3.51204614484665
47.6150225920707,58.3275504018208,3.40525586407168
46.9996951482535,57.7125055031205,3.29266601883006
46.3694683467321,57.0729673297456,3.19857638139609
45.7281223349899,56.3850451956954,3.1150871245177
45.0568660101002,55.6378866933463,3.03439845677648
44.3532534472968,54.8311906245527,2.98771036571416
43.6346302915068,53.9724933118441,2.98342263997008
42.8873201388243,53.064583110013,2.99553531805102
42.1038734995795,52.1055761495755,3.05084843503676
41.309085254651,51.0890658686809,3.11246184577647
40.4786052519458,50.0277892168823,3.20017557396901
39.6356720268764,48.9316186079381,3.3001893613872
38.7730582541301,47.7847275972811,3.42610334893624
37.8977688360041,46.6085193976735,3.54451730253255
37.0129172203993,45.4130928996815,3.66483111207453
36.1096082263767,44.1968654331803,3.77814482340975
35.2048535615234,42.9485319543449,3.8551583992036
34.2694108626025,41.6748758549674,3.95047193361347
33.3205141933739,40.3772532106953,4.01238529871013
32.3655023693043,39.0677226023196,4.08559836126003
31.3774675102196,37.7303068404401,4.16691134051924
30.3857633927295,36.3714114617144,4.21362402735447
29.3903903497064,35.0052053055136,4.27203632819356
28.3726684395623,33.6264127731532,4.31234834452649
27.3677335382162,32.2532719344166,4.33285982016555
26.3810336129194,30.8707849227547,4.27897080959666
25.4050081783736,29.4938743690374,4.21568128077958
24.4548900382049,28.1085223132907,4.1332912427709
23.5116659019304,26.7034996038239,4.05500081910209
22.6111388056108,25.2999836476723,3.99150979086872
21.7707653650421,23.8811680327771,3.943718178141
20.9714211097919,22.4539864522419,3.91862603304526
20.2197773926101,21.02130276448,3.91753333599243
19.5202817921156,19.5862823029448,3.9424400773636
18.8677083978635,18.1477192526073,3.98894629109417
18.260611756767,16.7184256493211,4.04815195817514
17.7017715889222,15.2963666632559,4.12125709844611
17.1772892276177,13.8854613111632,4.19856175531162
16.7102921201215,12.4921156663029,4.31956587360188
16.2997794046834,11.1221327466226,4.42536946875431
15.9423042036937,9.77573870433768,4.51357257457714
15.6528771661821,8.46476593114324,4.63077516358358
15.4348338234468,7.19426385106201,4.72477725217977
15.2846161414368,5.96506156358827,4.810578880571
15.2097850123059,4.79954252169606,4.90448004100731
15.1981094682043,3.69800820715979,4.95168080012478
15.2577063581589,2.64222037105686,4.98848118211225
15.353995755302,1.65501464083679,4.97718128316293
15.5034337136191,0.733602552818833,4.95908109248006
15.6893417305211,-0.125105833915106,4.89288067899219
15.9099407788828,-0.919377099383093,4.79238006668381
16.1581146764055,-1.63609772307256,4.63887929869251
16.4222998100269,-2.28890876470774,4.46657842208445
16.7000499003701,-2.86303868469974,4.24287746888796
16.9926992644798,-3.34446962417884,4.00077646104909
17.3071416584837,-3.7545298783655,3.75607538725121
17.6271433831734,-4.09517894367759,3.48167430102311
17.9684932712966,-4.36083982114881,3.17947317124461
18.3073969376703,-4.55844613987503,2.88077206977712
18.648635472601,-4.67593953034756,2.57917099369312
18.9978796009544,-4.72892056057283,2.29706992208716
19.350681710598,-4.71407318972597,2.02046887064595
19.7127124802814,-4.63931075291286,1.75856781719444
20.0877523419228,-4.50501008909026,1.51096674158438
20.4720208541797,-4.30710151426229,1.27316565348168
20.8781935746614,-4.05146349602314,1.04256450399166
21.3022677808302,-3.75045590334076,0.840763283182765
21.7508036474727,-3.38885505184107,0.672661969240561
22.2339194101172,-2.96161151305646,0.543060514922725
22.737716521609,-2.4905811152252,0.467058936995285
23.2835432253094,-1.95986187690595,0.425757150611249
23.8430462584531,-1.37925124465029,0.396555232552702
24.4409097260211,-0.753874040918168,0.410753070808113
25.0634574228339,-0.0711443591253245,0.473050697441719
25.7129129452702,0.66140130687572,0.529948074827916
26.3999506430638,1.45431400501796,0.624145134330677
27.0979963322152,2.29304832351709,0.748741956124677
27.8229497219283,3.17881004322669,0.821838451529946
28.5871531222387,4.10737872610538,0.915334539720991
29.3514680283018,5.09910286024126,1.0283303486899
30.1432467653797,6.1269264275056,1.12002574905185
30.9563741119025,7.19702934031414,1.22262073419579
31.7932961641568,8.31091884342676,1.3170152614879
32.6363339563638,9.47341829083088,1.41640938146358
33.5055013346758,10.6613906105144,1.48740299753889
34.3765590830606,11.8581048601236,1.53519624719056
35.2655185445406,13.1012433352385,1.5669889611994
36.1635958313695,14.3638255053353,1.5988812136247
37.0677888313545,15.6535385381835,1.6231729866599
37.9885494832257,16.966237404862,1.6685642124671
38.9156482634519,18.3004147612986,1.70905493628928
39.8569794349179,19.6483079404053,1.72234511389744
40.7943081934176,21.0038879211358,1.74343486837055
41.7396430222469,22.3795144585929,1.77352407445314
42.7002112783103,23.7747353536464,1.82001267112144
43.6617806576671,25.1753820853198,1.87390078824472
44.6154557489838,26.5639699936233,1.9050885592986
45.5808060220064,27.9554212415912,1.93207579047545
46.5395966604281,29.3513940487242,1.98116259870491
47.4869354252774,30.7354590906714,2.07254910133833
48.4387222483112,32.1160570371391,2.1847351457786
49.3785008288565,33.4793207608444,2.28602093435278
50.3161671458152,34.8226125852546,2.40030641932953
51.2467173517365,36.1471381499491,2.48499164599859
52.1658155089255,37.4648807048344,2.58747659665532
53.0729055450868,38.7534570472739,2.7101614194028
53.9775495698802,40.042108292477,2.81234587290086
54.8747440686607,41.3027236867976,2.91793018626568
55.7533699123834,42.5508281600352,2.99091436817699
56.6267698104685,43.7847636323186,3.03689832896269
57.4573620346266,45.0012899000628,3.08198244005976
58.2739448844468,46.2126913493607,3.15156637818912
59.0419381831032,47.3938718164423,3.22835065461662
59.7664567262973,48.5742986650544,3.29803503697412
60.4208150611724,49.7242787418051,3.38092001844269
60.9900028297638,50.8357484596073,3.50360584993989
61.4865844736881,51.927021266569,3.65899230140174
61.9073349376227,52.9704382644231,3.81447966307987
62.2599265897008,53.977153571512,3.99576780257449
62.5351300656903,54.9130269864084,4.16935713380629
62.7393946197426,55.8008186161294,4.34634743545833
62.8909549993008,56.6282438202231,4.51433866101686
62.9791367489791,57.388067567795,4.65363101100695
63.0105002032179,58.0882031759846,4.77662437625829
62.9834888648181,58.7292537507003,4.90101878432558
62.9058854967711,59.3059433428575,4.98581422432004
62.7842505383765,59.8264868093182,5.05341057297926
62.6115792486832,60.2932206763067,5.12040788575878
62.3856477370816,60.701246246745,5.18240623923484
62.1183530536236,61.0584010423932,5.21320544799252
61.7949073281939,61.3485576931918,5.26030581390581
61.4378818075875,61.5934958997401,5.2858069109431
61.042050626983,61.7976621889728,5.28770874499237
60.6130844481779,61.9576651488262,5.27131129066683
60.1488706857852,62.074484529285,5.2365145581381
59.6500766060642,62.151210353626,5.19341850184941
59.1185922966505,62.1931179097707,5.12232304779421
58.5598659980688,62.1892793772321,5.03192824560351
57.9736757426016,62.1575563430209,4.94583391689523
57.3527937796002,62.07775094865,4.83704031239013
56.7151218330861,61.9607909963777,4.72234715554126
56.0552115280563,61.8050937711561,4.59055450453734
55.3762872669851,61.6024444962759,4.44086239850116
54.6830191521499,61.3661072669193,4.27477066089779
53.9779644461392,61.0959312055031,4.08047926187168
53.2661268522366,60.7987745429646,3.87098808807991
52.5507308315679,60.4699646586624,3.64799714917827
51.8256607800141,60.0997794584292,3.39740658145578
51.0960318540316,59.7021616623836,3.1567162015864
50.3680704172898,59.2731920184787,2.9016259929972
49.6341046294408,58.8164129214378,2.6528359741854
48.8921331160566,58.3176560492947,2.43174628225788
48.1409326774888,57.7811416135887,2.216956877274
47.3839501839122,57.2077739281143,2.00716771053129
46.6131800982806,56.5969502243563,1.81187883640953
45.8378509515116,55.9452788285855,1.61259020029681
45.0369483415887,55.2601459525507,1.44410187456355
44.2320426293268,54.5346928749805,1.26941374613597
43.4186864137974,53.7744213499455,1.10192578393043
42.58998601174,52.9780502742371,0.947638029476042
41.7511674465161,52.1578640254805,0.809250330675493
40.9092357860084,51.3061756107584,0.721062686898652
40.022383728344,50.4160516227796,0.658975404800621
39.1567688760865,49.5060310874448,0.614987897152787
38.2772554511261,48.5731750498133,0.586600401448816
37.3850665114236,47.6208748165282,0.564612866718697
36.491321115475,46.6503362911346,0.573025209329195
35.5794520022217,45.654852080116,0.605537555999302
34.6646921823857,44.6504746860547,0.658849696978912
33.7493764446345,43.6275572682592,0.714161677372598
32.8210514543116,42.5726848915076,0.756373641373628
31.8906141046433,41.5110294917762,0.819185352950562
30.9434984921555,40.4425156188693,0.875496873978397
30.0023872147712,39.3700069749841,0.926008072896535
29.0518249224893,38.2883788087914,0.961719052303314
28.0984829983972,37.1953701834348,0.991329782950777
27.1482545228138,36.0958798060047,1.02144020798723
26.186462558686,34.9899831425966,1.05485038559766
25.2322316092947,33.8821265351128,1.08056020679598
24.2785566173744,32.7632661174114,1.07196974884008
23.3211015128616,31.6447069474569,1.08957896140025
22.368427652526,30.5193644662782,1.09038785026809
21.4204239523978,29.3893490108651,1.09899640557508
20.48198277669,28.25827810339,1.12360459417016
19.5564397567899,27.1189166992684,1.16461243950918
18.6669221292086,25.9651600560218,1.20241989945201
17.8068698027444,24.801530152117,1.24762698367485
16.9767276802029,23.6364680196736,1.34243366548248
16.2021802113626,22.4530916087558,1.42963994973419
15.469662415301,21.2657957260746,1.51744583255208
14.7723918663696,20.1005813365399,1.6110512596873
14.1270467308076,18.9194644077403,1.68545632864104
13.5290683645585,17.7392514219262,1.75786101234496
12.9601105901731,16.5716240146422,1.82266532950093
12.4405210247447,15.4133414989639,1.89416926427973
11.9592918591501,14.2551339640668,1.93897287359522
11.5177574349383,13.1127527610189,1.97477613370908
11.1176967832779,11.9753453967537,2.02097907671605
10.7682273278241,10.8444944608622,2.03158169668926
10.4584526704009,9.73255997656682,2.07018400502464
10.1854817783432,8.63110100739153,2.08348602799031
9.95932168822425,7.54795554366054,2.07758775737824
9.77763744077916,6.47679298164241,2.06898921404081
9.64598847721013,5.43080221084149,2.04789038850452
9.55703630064191,4.41066155346966,2.01009130939319
9.51233755851606,3.41938564292638,1.96189198202226
9.51956424231202,2.44122321021133,1.88509242147221
9.57627025516376,1.50745077995386,1.81789262402573
9.67867509928166,0.610984056373262,1.73149261696205
9.83356134144458,-0.239660691230811,1.66159240560619
10.0383715585279,-1.03747450306978,1.57409200634525
10.2757602570577,-1.786376347698,1.48419146228036
10.5566239634481,-2.48960691408466,1.40249076742382
10.8702884474456,-3.11596508814708,1.3010899651978
11.2079698206155,-3.68210655686037,1.21988907895808
11.5645533205736,-4.17114956687903,1.13518814233808
11.9427074727939,-4.58535507983308,1.05148716044301
12.320194453405,-4.93557567922315,0.966486180266992
12.7085778661225,-5.19950333386984,0.867385208119591
13.0892892432899,-5.40396803618995,0.79828426742429
13.4539893295421,-5.55190901438819,0.724883380651656
13.8232479908141,-5.64837566573344,0.594482505833206
14.1780520378249,-5.703617706593,0.471381677942609
14.5267406761388,-5.70045195385933,0.374380894844298
14.8698697356155,-5.6416668751727,0.250480155353297
15.2014351969484,-5.53472368279902,0.17707946526364
15.5084278898239,-5.39107783572662,0.124378849025147
15.8067478086408,-5.19957530618022,0.0774782731575696
16.1036222910071,-4.97295277343659,0.0509777116454355
16.3818170908847,-4.70457815905656,0.0640772055432137
16.6530070290668,-4.39708921285478,0.101476720736196
16.9309795345191,-4.06661400373447,0.151376206195343
17.2003905222841,-3.70003905438348,0.215875707644663
17.4639084972497,-3.31145758734878,0.276675204745166
17.74755177853,-2.90840609120487,0.360474616097674
18.0255244153192,-2.48169005029549,0.434474016988283
18.3348523608103,-2.03801692891103,0.49657328956317
18.6437356065304,-1.57912014339848,0.564772524055623
18.6437356065304,-1.57912014339848,0.564772524055623
19.3261030174888,-0.610003207134843,0.688270656264947
19.6830200562307,-0.100009169160345,0.753569592311605
20.0609518377235,0.43003186646608,0.805368399023935
20.4571185125993,0.972884855853157,0.804367079732241
20.8602900710666,1.5185262634158,0.779465665147589
21.286477779159,2.08142612833562,0.743964097163246
21.7262305506042,2.66595559843211,0.689662396972352
22.1924462719722,3.25395172312596,0.606860516207682
22.6561046632729,3.8472986380119,0.515658555944638
23.1507848644937,4.47041451786018,0.422656371267527
23.6701490864666,5.10068990749695,0.327553991362672
24.2108617884961,5.75854868554183,0.259851399914867
24.7675859031429,6.43992115107331,0.218548608580464
25.3543312944577,7.1295082442959,0.214645568696239
25.9557537736397,7.83725809860592,0.218142317958375
26.560734354655,8.55344864160764,0.210138906162681
27.184617331245,9.28554101798627,0.236235252943494
27.8158389779832,10.0302191714105,0.279231401927476
28.4595137895845,10.7803233673997,0.295127338796526
29.1095265564989,11.542184309946,0.32302306957285
29.7592059034295,12.3078887056447,0.358318639736794
30.4077734562596,13.0776626276461,0.388914048013806
31.0659034329574,13.859419367374,0.426009224354187
31.7258125775952,14.6363526133897,0.47130424060447
32.380940657539,15.4138886023618,0.506899116261895
33.0344010639706,16.1934592993214,0.551193834449677
33.6957561011242,16.9742356908866,0.612788343540871
34.3546651670374,17.7630006071775,0.68278268053421
35.0104609214202,18.5381243181966,0.735276907016182
35.6638106018722,19.3085752611868,0.785471002177278
36.3299470887547,20.0866377888078,0.822664839928297
36.9797386550933,20.8579172681189,0.822658630888611
37.6205240701493,21.6261820646188,0.834552326489735
38.2657571551586,22.3938437659615,0.847745838659769
38.9008720118332,23.1551746530525,0.843939278816535
39.539433886553,23.9234389225598,0.845332516278706
40.1774398991958,24.6888391674829,0.845325613736648
40.8084411171151,25.4528073618331,0.848618605212238
41.4337716888088,26.213082499818,0.838811497019247
42.05910242596,26.9722270494819,0.839704239975131
42.679207228633,27.7239102972329,0.823796898872686
43.3004241241809,28.4728049687755,0.82598941308293
43.9135242717215,29.2088121983419,0.831181895663843
44.5207314274377,29.9353233616822,0.833974318384239
45.1279386907629,30.6591966355351,0.840766614882344
45.7229150734988,31.3637764611318,0.83805895255982
46.3145557738238,32.0589355648871,0.829051229628352
46.8981910857946,32.7538685772422,0.839543434789508
47.4870522571527,33.4372706236265,0.844035533748215
48.0624593232354,34.1013791606998,0.82232771056222
48.6320847419339,34.7614933763955,0.818419829209567
49.1978184374855,35.4032938666522,0.805411963310164
49.7564359932095,36.0380099679173,0.784204075809658
50.3102723431078,36.6617227088955,0.753796177905848
50.8634414244702,37.2697594519911,0.711288268788802
51.4014887989205,37.8662654259598,0.671580443913982
51.9346437617074,38.4608117419608,0.615672568913563
52.468799711064,39.0466158731383,0.594964639811135
52.9921700412842,39.6164425382513,0.546956800112902
53.5076459827811,40.1733065246425,0.508149014963404
54.0177849319783,40.7272312718937,0.475741203376089
54.5246990293185,41.2686451980125,0.404633410769495
55.0221625586344,41.8047085951125,0.391825649400445
55.5112869144828,42.3237396673851,0.388317989015373
55.9904039868998,42.8367413690075,0.354110378667393
56.4596255381521,43.3443170513446,0.35420281418623
56.9089445104695,43.8438290272842,0.385495410232874
57.3344689682405,44.3315842573363,0.414988228322233
57.7549900796358,44.8091654211815,0.466081099075517
58.1579430823356,45.2772505865294,0.494074133951326
58.537769096702,45.7411910889759,0.557867351553924
58.8978034056902,46.1956357697327,0.619160763182325
59.2477194006654,46.6429207964863,0.67025427027032
59.5649461040923,47.0914120614125,0.747448021362601
59.8637152884149,47.5205347840972,0.822242045974001
60.1329082143649,47.9561390052826,0.891236256181866
60.3860895910958,48.3760673588106,0.935530696232764
60.60002161175,48.7950919249672,1.01762547874302
60.7928276339443,49.211629552653,1.09022044877958
60.9633957316837,49.6243236797694,1.15121562545067
61.1022748967121,50.0214930512501,1.21761119971773
61.210243476127,50.4232598275511,1.27450700570394
61.3007551889263,50.8194496508314,1.3143029958401
61.3699187588669,51.2047873775149,1.37749925515134
61.4030569013317,51.5889194397925,1.42199584603285
61.4240753444061,51.9734283307401,1.4539925265955
61.4229671400598,52.3472357278973,1.49118948713686
61.3956182441735,52.7166721883978,1.5227867138114
61.3527026839816,53.0855810619376,1.5321840732084
61.3000024982244,53.4492145624859,1.54568154801745
61.2232854174695,53.8022219399384,1.56147932454458
61.1244415952098,54.1568120516149,1.56167727842801
61.0197046974109,54.5041672437337,1.56067532998772
60.8896166801609,54.8500907492763,1.55807361411819
60.741404676047,55.1864430819776,1.54537213473586
60.5824074952109,55.5212883881057,1.54907074589058
60.4102897293244,55.8443768342914,1.53376956562514
60.2299437965249,56.1631694683228,1.50246847961658
60.0264705091166,56.474953475818,1.47326765187184
59.8055405901256,56.7733983368477,1.46156708585043
59.588613302159,57.0655124500256,1.43596651555068
59.3627907004874,57.3497132900339,1.39676608061619
59.1139518851914,57.6175603766499,1.36506598382734
58.860887734666,57.8697317258844,1.33206604976871
58.6025974160749,58.1142911297203,1.27536621075525
58.3324099495696,58.3440041041063,1.24226659688329
58.0548837977331,58.5600007727418,1.20016715684027
57.7735771686805,58.7688378914951,1.15916779654254
57.4921592513805,58.9682544665708,1.1165685059015
57.1903936014642,59.1504128537483,1.07756953905905
56.8966333125736,59.313654639914,1.03037065554153
56.6017611437012,59.4707920056458,0.990671821738847
56.3033307447587,59.6090129611758,0.951173177844048
55.9971171375685,59.7345729507397,0.928874704902551
55.7044685694851,59.8454368821176,0.919976233195978
55.3994779295143,59.939645504639,0.920378009823231
55.1078297159757,60.0161432787018,0.911579821340382
54.8202952820424,60.0818637878783,0.890081684024807
54.520974519249,60.1262562169224,0.860283836267044
54.2443360904799,60.1594189826829,0.815985885279538
53.967586456347,60.1806742887931,0.783888034654268
53.6811627655955,60.175627130486,0.711190501974006
53.4114174705327,60.1610086625647,0.653792907882853
53.146119641338,60.1332014117265,0.600495385943923
52.8712596632033,60.0844433072705,0.585698133463669
52.6157462996758,60.0228728754811,0.552700827581816
52.3602328559612,59.940501998625,0.535103706018788
52.1111682643337,59.840721937888,0.52540668301619
51.8707764922349,59.7331040490886,0.534009651689136
51.6402804637708,59.613352419365,0.547412641876353
51.417011450726,59.4775479505569,0.547015713756586
51.1917412316096,59.3310420902367,0.584418889704207
50.9712519409808,59.1705183085311,0.614122147535895
50.7502064671239,58.9965041559105,0.630325519526384
50.5475071318916,58.8157070175502,0.64802879911927
50.3452524983508,58.6257907975867,0.669732145681049
50.1486685246429,58.4232887989087,0.708735550164214
49.9476365518958,58.2186761383103,0.694538997682947
49.7640610373401,58.0050947481933,0.661442374501373
49.566475752956,57.7854844493257,0.641845905237084
49.3661106578356,57.5580362386672,0.620049514012543
49.1774203373369,57.3232021603664,0.595953084006766
48.9770549399409,57.0730690935756,0.560756867380785
48.7814706725792,56.8201474974175,0.527460620670517
48.5915571827712,56.564211427708,0.513964343213296
48.3956391874185,56.2974226797293,0.473868190746739
48.1982757684852,56.0302571351732,0.436772035411952
47.9992445018256,55.7519377367212,0.409975972348295
47.7952097498735,55.4723371960099,0.38587993864974
47.5939547003417,55.1957511136175,0.352783840443273
47.3886967891275,54.9103474212769,0.321387830133393
47.1699851538416,54.6165032591958,0.318791971610047
46.9552764681419,54.3223577314463,0.333996064899001
46.7407899752453,54.0172088481768,0.335900228677581
46.5098476707376,53.7026398062169,0.370704570614567
46.271122242493,53.3878448225555,0.418608946022385
46.0440716001261,53.076742438225,0.451313183289319
45.8021213984002,52.7554657793187,0.463317588231856
45.56117183961,52.42544680148,0.475622030554781
45.56117183961,52.42544680148,0.475622030554781
45.0770487140954,51.7645794614728,0.462030863957004
44.8295388124671,51.4268730740894,0.449335335354817
44.5844749700449,51.0854736747145,0.423939793149557
44.3391887244916,50.750404758872,0.384244176316539
44.0886767403955,50.4170693742112,0.360448553139403
43.8264896124916,50.0679073035729,0.310453107747183
43.5843167738799,49.7320846981725,0.27795739151906
43.3169037493226,49.3817167316714,0.220661931350733
43.0607211039575,49.0391867798568,0.19216630651341
42.7974224907786,48.6890452342816,0.189170757560614
42.5276750266755,48.3351356245908,0.204875251226941
42.2548144713582,47.9813015746457,0.247779732087956
41.9862902671545,47.6261862204504,0.286184165335516
41.7030891538724,47.264438957414,0.336988711490768
41.4278935762988,46.8930449048378,0.385193243304879
41.1399113178306,46.5166769426458,0.445997860198304
40.8578222980668,46.1589240015894,0.515002269072902
40.5709521741041,45.790469389226,0.598706754670921
40.2830810600357,45.4140258191244,0.64401126661204
39.9957657694973,45.0287644605924,0.677415802543415
39.722015594411,44.6484016454713,0.7093201837341
39.4333661276233,44.2642707296675,0.749324650011797
39.1429375676278,43.8773512144381,0.777829109496555
38.8566229753353,43.4903562069736,0.798133508135852
38.5673062339748,43.0995929041926,0.8116379138817
38.2745426471358,42.7092817615852,0.8232423007934
37.987560893839,42.3185183264063,0.831446617442179
37.6897936526247,41.9224792543012,0.816650996902521
37.3944727060387,41.5314142712783,0.814055289706086
37.0962607926302,41.1366563436942,0.802359587007221
36.7922669889276,40.7389591251516,0.779463897846803
36.487161386111,40.3459345149902,0.761468145659457
36.1856138067124,39.9547185218993,0.732072324926907
35.8699452317713,39.5588299970036,0.705576572360066
35.552608835517,39.1646748004006,0.674080779981939
35.2429444864492,38.7705194857386,0.637884902917364
34.9201597598282,38.3708625301577,0.590189093112532
34.5962632798122,37.9755014114047,0.556193221297409
34.2754800780742,37.5876012394437,0.505897248789118
33.9526955765931,37.1985706549579,0.4696012534964
33.6292440201102,36.8130822068985,0.438605203229137
33.2914491252663,36.428422839466,0.410909181425183
32.9502075483915,36.0422563304906,0.413713144697692
32.6130800903417,35.6637770073906,0.426917002397158
32.2649448564513,35.2803989410355,0.429320904715471
31.9101383096412,34.9006383580069,0.428824777137883
31.5596681043077,34.5231385672946,0.41402857253828
31.200636327747,34.1463170168768,0.39013236726087
30.8466080620542,33.7700982841014,0.360936089513439
30.4980280532493,33.3944823521473,0.323439740299042
30.1408864420539,33.0113299235918,0.279543432732879
29.7934182158876,32.6337542535707,0.209147005997746
29.4417249404146,32.2503002679516,0.16775058825726
29.0839163652002,31.8691072800489,0.139054143070481
28.7285541235832,31.4900999592362,0.139957635257158
28.3830876913635,31.1005414910787,0.144061092125675
28.0316171822271,30.7108323967032,0.172664531555318
27.680369171169,30.3241379298889,0.220067914126171
27.3292324686875,29.9355594091545,0.292571263212441
27.3292324686875,29.9355594091545,0.292571263212441
26.6352981895712,29.1661645743903,0.40327775962092
26.2980600981892,28.7775103765943,0.457780922713198
25.9552626383045,28.3973723980991,0.517684030546601
25.6199148351069,28.0225098091915,0.564387042152022
25.2856789489682,27.6437282247991,0.617390026201605
24.9526661632222,27.2690916304623,0.666092949612981
24.6286597695322,26.8998058845003,0.723695774821437
24.3032078960167,26.5345897327236,0.765898551958882
24.3032078960167,26.5345897327236,0.765898551958882
23.6525267593621,25.816366526443,0.883703942737535
23.330188434543,25.4721017634913,0.956306513773306
23.0082948184633,25.1278368868776,1.01200904699922
22.6944068479814,24.7832704941303,1.07321151906213
22.3834099075884,24.4531741383711,1.14611389143886
22.0794178514783,24.1291068272515,1.20041618362066
21.7737579832219,23.8011205429844,1.26291846607772
21.4687653102561,23.4853433164459,1.32452066794541
21.1693320728302,23.1708471962795,1.37632281878381
20.8697875216628,22.8581596386098,1.3843249338366
20.5763583739509,22.5479590410808,1.38552698938325
20.277147438398,22.2497414284573,1.38142899414974
19.9822728041478,21.9515990362118,1.34863095693159
19.6994065494434,21.6505172915178,1.30083286512509
19.4049765801961,21.3489832997364,1.2303347840875
19.1098794955545,21.0476753739843,1.15773667517782
18.8201195465148,20.7460659924597,1.09923852388502
18.5346958965989,20.4446071950547,1.00764033198803
18.248716307833,20.1356872651185,0.918942138888422
17.9555093986788,19.8208888349967,0.816743956805478
17.6694187066799,19.5169429663083,0.735145691112544
17.3734322565445,19.2091535602919,0.674047439065642
17.0797807216561,18.8939783049136,0.593549172974226
16.7914663136919,18.5845307514352,0.516650845197208
16.5065988726111,18.2780224777513,0.468652474118043
16.2200637405886,17.9850799547425,0.452154041237315
15.930748861873,17.6827921567157,0.432755614669497
15.6463264214849,17.3903018366765,0.44355712168076
15.3657956839708,17.1104728184489,0.468358559978261
15.0860432056051,16.8268754529353,0.466559983107389
14.8081809548325,16.5532261920406,0.452161349704442
14.5315417802068,16.2787478709203,0.430662691509014
14.2525676971727,16.0124089735273,0.421063994727001
13.979597828073,15.7423017910973,0.412265271029279
13.7040706536314,15.4748323875893,0.413266523409582
13.4315455773272,15.2075136606493,0.405867744555658
13.1597988574529,14.9420036835395,0.405968938784591
12.8843828975622,14.6764183087539,0.398470116724855
12.6217536942597,14.4110589811031,0.394471247606603
12.3664629787844,14.1460764301882,0.387672339144987
12.1101715467617,13.8801140858535,0.367373413447893
11.8561038910936,13.6088761614055,0.344074476281228
11.6189369694635,13.3404266549412,0.308575479513546
11.3798798606352,13.0697915682469,0.281976469168366
11.146938187454,12.7953128734838,0.274577437542332
10.9216685754635,12.5218892495977,0.266578369668617
10.711409503523,12.2536657526896,0.256379245733819
10.4942567109433,11.9796391462529,0.244880126793986
10.2864438171816,11.7113402334558,0.22988096233428
10.0845239407108,11.4470356107944,0.201281764037541
